sido,exclusion_score,age,female,media_contact,region_size,region_women,region_women_10k
경남,2.8,19,0,1,2,8711,0.8711
제주,3.8,19,0,1,2,2623,0.2623
제주,3.0,19,0,1,2,2623,0.2623
부산,2.7333333333333334,19,0,1,1,5998,0.5998
대구,2.933333333333333,19,0,1,1,4737,0.4737
광주,2.466666666666667,19,0,1,1,3081,0.3081
대전,3.0,19,0,1,1,3012,0.3012
대전,3.466666666666667,19,0,0,1,3012,0.3012
경기,3.6,19,0,0,2,46581,4.6581
서울,3.2666666666666666,19,1,1,1,23251,2.3251
충북,2.466666666666667,19,1,1,2,5059,0.5059
충남,2.0,19,1,1,2,8534,0.8534
충남,2.533333333333333,19,1,1,2,8534,0.8534
경북,2.533333333333333,19,1,0,2,7071,0.7071
부산,2.1333333333333333,19,1,1,1,5998,0.5998
부산,2.8,19,1,1,1,5998,0.5998
광주,2.6,19,1,1,1,3081,0.3081
광주,2.533333333333333,19,1,0,1,3081,0.3081
대전,3.6,19,1,1,1,3012,0.3012
울산,3.1333333333333333,19,1,1,1,2904,0.2904
울산,2.1333333333333333,19,1,1,1,2904,0.2904
울산,3.1333333333333333,19,1,1,1,2904,0.2904
강원,1.7333333333333334,20,0,1,2,3611,0.3611
전북,2.6666666666666665,20,0,1,2,5218,0.5218
경남,3.7333333333333334,20,0,1,2,8711,0.8711
경남,3.066666666666667,20,0,1,2,8711,0.8711
부산,3.6,20,0,1,1,5998,0.5998
인천,3.8,20,0,1,1,10645,1.0645
광주,2.2666666666666666,20,0,1,1,3081,0.3081
대전,3.4,20,0,1,1,3012,0.3012
대전,2.3333333333333335,20,0,1,1,3012,0.3012
대전,1.6,20,0,1,1,3012,0.3012
울산,2.466666666666667,20,0,1,1,2904,0.2904
울산,3.2666666666666666,20,0,1,1,2904,0.2904
서울,2.533333333333333,20,1,1,1,23251,2.3251
충북,2.2,20,1,1,2,5059,0.5059
충남,2.6,20,1,1,2,8534,0.8534
충남,2.7333333333333334,20,1,1,3,8534,0.8534
전남,2.0,20,1,1,2,6055,0.6055
전남,3.6666666666666665,20,1,1,2,6055,0.6055
경북,3.066666666666667,20,1,1,2,7071,0.7071
경북,2.466666666666667,20,1,1,3,7071,0.7071
경남,3.4,20,1,1,2,8711,0.8711
대구,1.4,20,1,1,1,4737,0.4737
대구,3.0,20,1,1,1,4737,0.4737
인천,3.533333333333333,20,1,1,1,10645,1.0645
인천,1.6,20,1,0,1,10645,1.0645
광주,2.1333333333333333,20,1,1,1,3081,0.3081
대전,4.933333333333334,20,1,0,1,3012,0.3012
세종,3.533333333333333,20,1,1,2,754,0.0754
경기,2.7333333333333334,20,1,1,2,46581,4.6581
서울,3.4,21,0,1,1,23251,2.3251
충북,3.2,21,0,1,3,5059,0.5059
충남,2.4,21,0,1,2,8534,0.8534
전북,2.466666666666667,21,0,1,2,5218,0.5218
전북,3.2666666666666666,21,0,1,3,5218,0.5218
제주,4.0,21,0,1,2,2623,0.2623
대전,2.7333333333333334,21,0,1,1,3012,0.3012
대전,2.066666666666667,21,0,0,1,3012,0.3012
울산,2.3333333333333335,21,0,0,1,2904,0.2904
경기,3.0,21,0,1,2,46581,4.6581
경기,3.0,21,0,1,2,46581,4.6581
서울,4.8,21,1,1,1,23251,2.3251
서울,3.1333333333333333,21,1,1,1,23251,2.3251
서울,4.0,21,1,1,1,23251,2.3251
강원,1.6666666666666667,21,1,1,2,3611,0.3611
충북,1.8666666666666667,21,1,1,2,5059,0.5059
충북,1.0666666666666667,21,1,1,2,5059,0.5059
충남,2.466666666666667,21,1,1,3,8534,0.8534
전북,2.6666666666666665,21,1,1,2,5218,0.5218
경북,3.933333333333333,21,1,0,2,7071,0.7071
경북,3.1333333333333333,21,1,1,3,7071,0.7071
경남,2.933333333333333,21,1,1,2,8711,0.8711
부산,3.8,21,1,1,1,5998,0.5998
부산,2.8666666666666667,21,1,1,1,5998,0.5998
광주,4.333333333333333,21,1,1,1,3081,0.3081
대전,3.8666666666666667,21,1,1,1,3012,0.3012
대전,3.6,21,1,1,1,3012,0.3012
경기,2.6666666666666665,21,1,1,2,46581,4.6581
경기,2.6,21,1,1,2,46581,4.6581
경기,3.4,21,1,1,2,46581,4.6581
경기,3.1333333333333333,21,1,1,2,46581,4.6581
강원,1.6666666666666667,22,0,1,3,3611,0.3611
충남,3.0,22,0,1,2,8534,0.8534
충남,2.6,22,0,1,2,8534,0.8534
충남,4.133333333333334,22,0,0,2,8534,0.8534
충남,3.1333333333333333,22,0,0,2,8534,0.8534
충남,2.2,22,0,1,3,8534,0.8534
전북,3.066666666666667,22,0,1,2,5218,0.5218
전북,2.6,22,0,1,2,5218,0.5218
전북,3.2666666666666666,22,0,1,2,5218,0.5218
전북,2.533333333333333,22,0,0,2,5218,0.5218
전남,1.4,22,0,1,3,6055,0.6055
경북,2.933333333333333,22,0,0,2,7071,0.7071
경남,4.0,22,0,1,2,8711,0.8711
경남,4.133333333333334,22,0,1,2,8711,0.8711
경남,1.5333333333333334,22,0,1,3,8711,0.8711
제주,3.533333333333333,22,0,1,2,2623,0.2623
대구,3.2,22,0,1,1,4737,0.4737
대구,3.7333333333333334,22,0,1,1,4737,0.4737
대구,3.6666666666666665,22,0,1,1,4737,0.4737
인천,4.866666666666666,22,0,1,1,10645,1.0645
대전,2.8666666666666667,22,0,1,1,3012,0.3012
대전,2.8,22,0,1,1,3012,0.3012
대전,2.533333333333333,22,0,1,1,3012,0.3012
울산,2.0,22,0,1,1,2904,0.2904
경기,2.933333333333333,22,0,1,2,46581,4.6581
경기,3.6,22,0,1,3,46581,4.6581
서울,3.933333333333333,22,1,1,1,23251,2.3251
서울,3.066666666666667,22,1,1,1,23251,2.3251
강원,5.066666666666666,22,1,1,2,3611,0.3611
충북,1.2666666666666666,22,1,1,3,5059,0.5059
충북,2.2666666666666666,22,1,1,3,5059,0.5059
충남,2.0,22,1,1,2,8534,0.8534
전북,3.466666666666667,22,1,1,2,5218,0.5218
부산,2.6,22,1,1,1,5998,0.5998
대구,3.466666666666667,22,1,1,1,4737,0.4737
광주,2.466666666666667,22,1,1,1,3081,0.3081
대전,1.8,22,1,1,1,3012,0.3012
대전,3.066666666666667,22,1,0,1,3012,0.3012
충북,3.066666666666667,23,0,0,2,5059,0.5059
충남,2.466666666666667,23,0,1,2,8534,0.8534
충남,1.8666666666666667,23,0,1,3,8534,0.8534
충남,2.466666666666667,23,0,1,3,8534,0.8534
전북,2.933333333333333,23,0,1,2,5218,0.5218
전북,2.2666666666666666,23,0,1,2,5218,0.5218
전북,2.7333333333333334,23,0,1,2,5218,0.5218
전북,2.8666666666666667,23,0,1,2,5218,0.5218
전남,4.333333333333333,23,0,1,3,6055,0.6055
전남,3.8666666666666667,23,0,1,3,6055,0.6055
경북,2.8,23,0,1,2,7071,0.7071
경북,2.933333333333333,23,0,1,2,7071,0.7071
경북,3.466666666666667,23,0,1,2,7071,0.7071
경북,2.7333333333333334,23,0,1,2,7071,0.7071
인천,1.8666666666666667,23,0,1,1,10645,1.0645
광주,3.466666666666667,23,0,1,1,3081,0.3081
울산,3.533333333333333,23,0,1,1,2904,0.2904
경기,4.2,23,0,1,2,46581,4.6581
경기,2.466666666666667,23,0,1,2,46581,4.6581
경기,2.8666666666666667,23,0,1,2,46581,4.6581
경기,3.066666666666667,23,0,1,3,46581,4.6581
서울,3.066666666666667,23,1,1,1,23251,2.3251
서울,3.0,23,1,1,1,23251,2.3251
서울,3.0,23,1,1,1,23251,2.3251
서울,2.8666666666666667,23,1,1,1,23251,2.3251
서울,4.0,23,1,1,1,23251,2.3251
서울,2.2,23,1,1,1,23251,2.3251
충북,2.933333333333333,23,1,1,2,5059,0.5059
충북,2.4,23,1,1,2,5059,0.5059
충북,2.6,23,1,1,2,5059,0.5059
충북,1.8666666666666667,23,1,1,2,5059,0.5059
충북,2.0,23,1,1,2,5059,0.5059
충남,2.8,23,1,1,3,8534,0.8534
전북,2.466666666666667,23,1,1,2,5218,0.5218
경북,2.4,23,1,1,2,7071,0.7071
경북,2.6666666666666665,23,1,1,3,7071,0.7071
부산,3.8666666666666667,23,1,1,1,5998,0.5998
대구,2.8,23,1,1,1,4737,0.4737
인천,5.0,23,1,1,1,10645,1.0645
인천,3.8,23,1,1,1,10645,1.0645
세종,1.7333333333333334,23,1,1,3,754,0.0754
서울,3.3333333333333335,24,0,1,1,23251,2.3251
서울,2.8666666666666667,24,0,1,1,23251,2.3251
서울,3.4,24,0,1,1,23251,2.3251
강원,1.6,24,0,1,2,3611,0.3611
강원,3.2,24,0,1,2,3611,0.3611
충남,2.066666666666667,24,0,1,3,8534,0.8534
충남,2.6,24,0,1,3,8534,0.8534
부산,2.2666666666666666,24,0,1,1,5998,0.5998
부산,3.2666666666666666,24,0,1,1,5998,0.5998
대구,2.933333333333333,24,0,1,1,4737,0.4737
인천,2.933333333333333,24,0,0,1,10645,1.0645
인천,1.6666666666666667,24,0,0,1,10645,1.0645
대전,2.3333333333333335,24,0,0,1,3012,0.3012
경기,2.8,24,0,1,2,46581,4.6581
경기,3.6666666666666665,24,0,1,2,46581,4.6581
서울,2.7333333333333334,24,1,1,1,23251,2.3251
서울,2.7333333333333334,24,1,1,1,23251,2.3251
충북,2.933333333333333,24,1,1,2,5059,0.5059
충북,2.466666666666667,24,1,1,3,5059,0.5059
충북,2.8666666666666667,24,1,1,3,5059,0.5059
충남,2.2,24,1,1,3,8534,0.8534
전남,3.4,24,1,1,2,6055,0.6055
전남,4.0,24,1,0,2,6055,0.6055
경남,3.066666666666667,24,1,1,2,8711,0.8711
경남,3.1333333333333333,24,1,1,2,8711,0.8711
부산,3.1333333333333333,24,1,1,1,5998,0.5998
대구,2.8666666666666667,24,1,1,1,4737,0.4737
광주,3.2666666666666666,24,1,1,1,3081,0.3081
광주,3.6666666666666665,24,1,1,1,3081,0.3081
울산,3.4,24,1,1,1,2904,0.2904
경기,3.7333333333333334,24,1,1,2,46581,4.6581
서울,2.8666666666666667,25,0,1,1,23251,2.3251
서울,2.533333333333333,25,0,1,1,23251,2.3251
서울,3.533333333333333,25,0,1,1,23251,2.3251
강원,2.2666666666666666,25,0,1,2,3611,0.3611
충북,3.533333333333333,25,0,1,3,5059,0.5059
전북,2.7333333333333334,25,0,1,2,5218,0.5218
전북,2.8,25,0,1,2,5218,0.5218
전남,2.3333333333333335,25,0,1,2,6055,0.6055
전남,2.0,25,0,1,3,6055,0.6055
제주,3.1333333333333333,25,0,1,2,2623,0.2623
대구,3.1333333333333333,25,0,1,1,4737,0.4737
대구,3.2,25,0,1,1,4737,0.4737
인천,2.8,25,0,1,1,10645,1.0645
인천,3.2,25,0,1,1,10645,1.0645
인천,3.533333333333333,25,0,1,1,10645,1.0645
광주,3.2,25,0,1,1,3081,0.3081
광주,2.7333333333333334,25,0,1,1,3081,0.3081
울산,3.1333333333333333,25,0,1,1,2904,0.2904
울산,2.2666666666666666,25,0,1,1,2904,0.2904
충남,2.8666666666666667,25,1,1,2,8534,0.8534
충남,2.4,25,1,1,2,8534,0.8534
전북,3.1333333333333333,25,1,1,2,5218,0.5218
전남,3.4,25,1,1,2,6055,0.6055
경남,3.2666666666666666,25,1,1,2,8711,0.8711
제주,3.6,25,1,1,2,2623,0.2623
부산,3.2,25,1,1,1,5998,0.5998
부산,3.1333333333333333,25,1,1,1,5998,0.5998
대구,2.3333333333333335,25,1,1,1,4737,0.4737
인천,1.7333333333333334,25,1,1,1,10645,1.0645
광주,2.6,25,1,1,1,3081,0.3081
광주,4.933333333333334,25,1,1,1,3081,0.3081
광주,4.0,25,1,1,1,3081,0.3081
대전,3.2,25,1,1,1,3012,0.3012
세종,3.2,25,1,1,2,754,0.0754
세종,4.666666666666667,25,1,1,2,754,0.0754
서울,2.3333333333333335,26,0,1,1,23251,2.3251
서울,3.066666666666667,26,0,1,1,23251,2.3251
서울,3.2666666666666666,26,0,1,1,23251,2.3251
강원,3.0,26,0,1,3,3611,0.3611
충북,4.0,26,0,1,2,5059,0.5059
충북,4.066666666666666,26,0,0,3,5059,0.5059
충남,2.6,26,0,1,2,8534,0.8534
전북,3.066666666666667,26,0,1,2,5218,0.5218
전북,2.933333333333333,26,0,1,2,5218,0.5218
전남,3.4,26,0,1,2,6055,0.6055
전남,3.3333333333333335,26,0,1,2,6055,0.6055
전남,2.933333333333333,26,0,1,3,6055,0.6055
부산,2.6,26,0,1,1,5998,0.5998
부산,3.6,26,0,1,1,5998,0.5998
부산,3.4,26,0,1,1,5998,0.5998
인천,1.3333333333333333,26,0,0,1,10645,1.0645
경기,3.7333333333333334,26,0,1,2,46581,4.6581
서울,3.533333333333333,26,1,1,1,23251,2.3251
서울,2.533333333333333,26,1,1,1,23251,2.3251
전북,3.2,26,1,1,2,5218,0.5218
전북,3.0,26,1,1,2,5218,0.5218
전남,3.066666666666667,26,1,1,3,6055,0.6055
경북,3.2666666666666666,26,1,1,2,7071,0.7071
경북,3.6666666666666665,26,1,1,2,7071,0.7071
경북,3.0,26,1,1,3,7071,0.7071
경남,3.8,26,1,1,2,8711,0.8711
제주,3.2,26,1,1,2,2623,0.2623
부산,2.4,26,1,1,1,5998,0.5998
대구,4.0,26,1,1,1,4737,0.4737
대구,3.6,26,1,1,1,4737,0.4737
인천,2.466666666666667,26,1,1,1,10645,1.0645
인천,1.3333333333333333,26,1,1,1,10645,1.0645
인천,3.0,26,1,0,1,10645,1.0645
광주,2.6,26,1,1,1,3081,0.3081
광주,2.6666666666666665,26,1,1,1,3081,0.3081
광주,3.466666666666667,26,1,1,1,3081,0.3081
대전,2.6666666666666665,26,1,0,1,3012,0.3012
세종,3.466666666666667,26,1,0,2,754,0.0754
경기,2.533333333333333,26,1,1,2,46581,4.6581
경기,2.6666666666666665,26,1,1,2,46581,4.6581
경기,3.1333333333333333,26,1,1,2,46581,4.6581
서울,3.2,27,0,1,1,23251,2.3251
서울,3.7333333333333334,27,0,1,1,23251,2.3251
서울,3.0,27,0,1,1,23251,2.3251
서울,4.0,27,0,1,1,23251,2.3251
충북,3.533333333333333,27,0,1,2,5059,0.5059
충북,3.1333333333333333,27,0,1,3,5059,0.5059
전북,3.2,27,0,1,2,5218,0.5218
전북,3.066666666666667,27,0,0,3,5218,0.5218
전남,2.7333333333333334,27,0,1,3,6055,0.6055
대구,3.4,27,0,1,1,4737,0.4737
인천,1.5333333333333334,27,0,1,1,10645,1.0645
인천,2.066666666666667,27,0,1,1,10645,1.0645
인천,3.2666666666666666,27,0,1,1,10645,1.0645
울산,2.8,27,0,1,1,2904,0.2904
울산,4.0,27,0,0,1,2904,0.2904
세종,2.6,27,0,1,2,754,0.0754
경기,2.6,27,0,1,2,46581,4.6581
경기,3.3333333333333335,27,0,1,2,46581,4.6581
경기,2.8,27,0,1,2,46581,4.6581
경기,4.6,27,0,1,2,46581,4.6581
경기,2.8,27,0,1,3,46581,4.6581
서울,3.2666666666666666,27,1,1,1,23251,2.3251
서울,3.3333333333333335,27,1,1,1,23251,2.3251
서울,3.8,27,1,1,1,23251,2.3251
서울,3.7333333333333334,27,1,1,1,23251,2.3251
서울,3.466666666666667,27,1,0,1,23251,2.3251
강원,4.0,27,1,1,2,3611,0.3611
강원,3.2,27,1,0,2,3611,0.3611
충남,2.4,27,1,1,2,8534,0.8534
충남,2.2666666666666666,27,1,1,3,8534,0.8534
전북,3.3333333333333335,27,1,1,2,5218,0.5218
전북,2.2666666666666666,27,1,1,3,5218,0.5218
전남,3.6,27,1,1,3,6055,0.6055
전남,3.0,27,1,1,3,6055,0.6055
경북,2.8,27,1,1,3,7071,0.7071
경남,3.7333333333333334,27,1,1,3,8711,0.8711
부산,2.533333333333333,27,1,1,1,5998,0.5998
대구,3.8666666666666667,27,1,1,1,4737,0.4737
대구,4.0,27,1,1,1,4737,0.4737
대구,3.7333333333333334,27,1,1,1,4737,0.4737
인천,2.8666666666666667,27,1,1,1,10645,1.0645
인천,3.2666666666666666,27,1,1,1,10645,1.0645
인천,2.0,27,1,0,1,10645,1.0645
광주,3.533333333333333,27,1,1,1,3081,0.3081
대전,1.6666666666666667,27,1,1,1,3012,0.3012
대전,3.1333333333333333,27,1,0,1,3012,0.3012
경기,3.2666666666666666,27,1,1,2,46581,4.6581
서울,2.6,28,0,1,1,23251,2.3251
강원,2.4,28,0,1,3,3611,0.3611
충북,2.7333333333333334,28,0,1,2,5059,0.5059
충북,3.6,28,0,1,2,5059,0.5059
충북,2.933333333333333,28,0,1,3,5059,0.5059
전북,2.8666666666666667,28,0,1,2,5218,0.5218
전북,3.6666666666666665,28,0,1,2,5218,0.5218
전남,3.7333333333333334,28,0,1,2,6055,0.6055
전남,2.933333333333333,28,0,1,2,6055,0.6055
경북,3.7333333333333334,28,0,1,2,7071,0.7071
경북,2.4,28,0,1,3,7071,0.7071
경남,3.466666666666667,28,0,1,2,8711,0.8711
경남,3.2,28,0,1,2,8711,0.8711
제주,4.133333333333334,28,0,1,2,2623,0.2623
부산,3.2,28,0,1,1,5998,0.5998
부산,3.2666666666666666,28,0,1,1,5998,0.5998
부산,3.2666666666666666,28,0,1,1,5998,0.5998
부산,2.7333333333333334,28,0,1,1,5998,0.5998
부산,4.133333333333334,28,0,1,1,5998,0.5998
대구,3.2,28,0,1,1,4737,0.4737
인천,3.3333333333333335,28,0,1,1,10645,1.0645
인천,1.3333333333333333,28,0,0,1,10645,1.0645
인천,1.7333333333333334,28,0,0,1,10645,1.0645
인천,1.7333333333333334,28,0,0,1,10645,1.0645
광주,3.8,28,0,1,1,3081,0.3081
광주,3.2,28,0,1,1,3081,0.3081
광주,3.533333333333333,28,0,1,1,3081,0.3081
세종,2.933333333333333,28,0,1,3,754,0.0754
경기,3.066666666666667,28,0,1,2,46581,4.6581
경기,3.0,28,0,1,2,46581,4.6581
경기,2.8,28,0,1,2,46581,4.6581
경기,4.066666666666666,28,0,1,2,46581,4.6581
경기,3.533333333333333,28,0,0,2,46581,4.6581
서울,3.533333333333333,28,1,1,1,23251,2.3251
서울,3.1333333333333333,28,1,1,1,23251,2.3251
서울,3.8666666666666667,28,1,1,1,23251,2.3251
충북,3.6,28,1,1,2,5059,0.5059
충북,4.333333333333333,28,1,1,2,5059,0.5059
충북,2.3333333333333335,28,1,1,3,5059,0.5059
충남,3.533333333333333,28,1,1,3,8534,0.8534
전북,3.2,28,1,1,2,5218,0.5218
전북,2.6666666666666665,28,1,1,2,5218,0.5218
전북,3.1333333333333333,28,1,1,2,5218,0.5218
전북,3.2,28,1,0,2,5218,0.5218
전남,3.2666666666666666,28,1,1,2,6055,0.6055
대구,3.2,28,1,1,1,4737,0.4737
대구,3.1333333333333333,28,1,1,1,4737,0.4737
인천,2.6,28,1,1,1,10645,1.0645
광주,4.333333333333333,28,1,1,1,3081,0.3081
광주,1.7333333333333334,28,1,1,1,3081,0.3081
광주,4.533333333333333,28,1,1,1,3081,0.3081
울산,2.8,28,1,1,1,2904,0.2904
세종,3.0,28,1,1,2,754,0.0754
세종,2.533333333333333,28,1,0,2,754,0.0754
경기,3.466666666666667,28,1,1,2,46581,4.6581
경기,3.8,28,1,1,2,46581,4.6581
경기,3.466666666666667,28,1,1,2,46581,4.6581
경기,3.0,28,1,1,2,46581,4.6581
경기,4.0,28,1,1,2,46581,4.6581
경기,3.6666666666666665,28,1,1,2,46581,4.6581
경기,2.8,28,1,1,2,46581,4.6581
경기,3.6,28,1,1,2,46581,4.6581
경기,3.8666666666666667,28,1,1,3,46581,4.6581
서울,3.2666666666666666,29,0,1,1,23251,2.3251
서울,2.066666666666667,29,0,1,1,23251,2.3251
서울,3.0,29,0,0,1,23251,2.3251
강원,3.2,29,0,1,2,3611,0.3611
강원,3.0,29,0,1,3,3611,0.3611
충북,2.8,29,0,0,3,5059,0.5059
전북,3.533333333333333,29,0,0,2,5218,0.5218
경북,3.466666666666667,29,0,1,2,7071,0.7071
경북,3.3333333333333335,29,0,1,3,7071,0.7071
대구,4.2,29,0,1,1,4737,0.4737
대구,3.8666666666666667,29,0,1,1,4737,0.4737
광주,3.066666666666667,29,0,1,1,3081,0.3081
광주,4.866666666666666,29,0,1,1,3081,0.3081
광주,4.133333333333334,29,0,1,1,3081,0.3081
대전,3.1333333333333333,29,0,1,1,3012,0.3012
대전,3.0,29,0,1,1,3012,0.3012
대전,2.533333333333333,29,0,1,1,3012,0.3012
대전,2.3333333333333335,29,0,1,1,3012,0.3012
경기,2.8,29,0,1,2,46581,4.6581
서울,2.933333333333333,29,1,1,1,23251,2.3251
서울,2.8,29,1,1,1,23251,2.3251
서울,3.4,29,1,1,1,23251,2.3251
서울,2.7333333333333334,29,1,1,1,23251,2.3251
서울,2.6666666666666665,29,1,1,1,23251,2.3251
서울,2.8,29,1,1,1,23251,2.3251
서울,3.8666666666666667,29,1,1,1,23251,2.3251
서울,2.2666666666666666,29,1,1,1,23251,2.3251
서울,2.2,29,1,1,1,23251,2.3251
서울,2.2,29,1,1,1,23251,2.3251
전북,2.8,29,1,1,2,5218,0.5218
전북,1.4666666666666666,29,1,1,2,5218,0.5218
전북,3.7333333333333334,29,1,1,2,5218,0.5218
경북,2.0,29,1,1,2,7071,0.7071
제주,2.2666666666666666,29,1,1,2,2623,0.2623
부산,3.8666666666666667,29,1,1,1,5998,0.5998
부산,2.6666666666666665,29,1,1,1,5998,0.5998
부산,2.533333333333333,29,1,1,1,5998,0.5998
대구,3.4,29,1,1,1,4737,0.4737
대구,1.8,29,1,1,1,4737,0.4737
대구,3.1333333333333333,29,1,1,1,4737,0.4737
대구,2.933333333333333,29,1,1,1,4737,0.4737
대구,3.6,29,1,1,1,4737,0.4737
대구,3.6666666666666665,29,1,1,1,4737,0.4737
인천,2.0,29,1,1,1,10645,1.0645
인천,3.066666666666667,29,1,1,1,10645,1.0645
인천,3.4,29,1,1,1,10645,1.0645
인천,2.7333333333333334,29,1,1,1,10645,1.0645
광주,3.466666666666667,29,1,1,1,3081,0.3081
대전,3.466666666666667,29,1,1,1,3012,0.3012
세종,3.066666666666667,29,1,0,2,754,0.0754
경기,3.1333333333333333,29,1,1,2,46581,4.6581
경기,2.6666666666666665,29,1,1,2,46581,4.6581
경기,3.3333333333333335,29,1,1,2,46581,4.6581
서울,2.7333333333333334,30,0,1,1,23251,2.3251
서울,3.066666666666667,30,0,1,1,23251,2.3251
서울,2.533333333333333,30,0,0,1,23251,2.3251
강원,3.2,30,0,1,2,3611,0.3611
충북,2.466666666666667,30,0,1,2,5059,0.5059
전북,2.466666666666667,30,0,0,2,5218,0.5218
전북,3.4,30,0,1,3,5218,0.5218
전남,3.7333333333333334,30,0,1,2,6055,0.6055
전남,3.6666666666666665,30,0,1,2,6055,0.6055
경북,2.933333333333333,30,0,0,2,7071,0.7071
경남,3.066666666666667,30,0,1,3,8711,0.8711
제주,3.1333333333333333,30,0,0,3,2623,0.2623
부산,3.1333333333333333,30,0,1,1,5998,0.5998
부산,2.533333333333333,30,0,1,1,5998,0.5998
부산,3.3333333333333335,30,0,1,1,5998,0.5998
대구,2.6666666666666665,30,0,1,1,4737,0.4737
광주,1.6,30,0,1,1,3081,0.3081
광주,3.0,30,0,1,1,3081,0.3081
광주,3.6666666666666665,30,0,1,1,3081,0.3081
경기,3.8666666666666667,30,0,1,2,46581,4.6581
서울,3.8,30,1,1,1,23251,2.3251
서울,2.8666666666666667,30,1,1,1,23251,2.3251
서울,2.6,30,1,1,1,23251,2.3251
충남,1.9333333333333333,30,1,1,2,8534,0.8534
전북,3.1333333333333333,30,1,1,2,5218,0.5218
전남,3.466666666666667,30,1,0,3,6055,0.6055
경남,3.466666666666667,30,1,1,2,8711,0.8711
제주,2.2666666666666666,30,1,1,2,2623,0.2623
제주,1.5333333333333334,30,1,1,2,2623,0.2623
제주,2.8666666666666667,30,1,1,2,2623,0.2623
부산,2.066666666666667,30,1,1,1,5998,0.5998
대구,3.2666666666666666,30,1,1,1,4737,0.4737
대구,3.6666666666666665,30,1,1,1,4737,0.4737
대구,3.8666666666666667,30,1,1,1,4737,0.4737
인천,1.6,30,1,1,1,10645,1.0645
인천,3.7333333333333334,30,1,1,1,10645,1.0645
광주,3.066666666666667,30,1,1,1,3081,0.3081
광주,3.3333333333333335,30,1,1,1,3081,0.3081
광주,3.2666666666666666,30,1,1,1,3081,0.3081
세종,3.1333333333333333,30,1,1,3,754,0.0754
경기,3.7333333333333334,30,1,1,2,46581,4.6581
경기,2.8666666666666667,30,1,1,2,46581,4.6581
서울,2.8,31,0,1,1,23251,2.3251
서울,3.2666666666666666,31,0,1,1,23251,2.3251
서울,3.2,31,0,1,1,23251,2.3251
충북,2.2,31,0,0,2,5059,0.5059
충북,3.466666666666667,31,0,0,3,5059,0.5059
충남,1.4666666666666666,31,0,0,3,8534,0.8534
전북,2.0,31,0,1,3,5218,0.5218
경북,3.3333333333333335,31,0,1,2,7071,0.7071
경남,4.266666666666667,31,0,1,2,8711,0.8711
경남,3.466666666666667,31,0,1,3,8711,0.8711
제주,3.3333333333333335,31,0,1,3,2623,0.2623
부산,3.1333333333333333,31,0,1,1,5998,0.5998
대구,2.533333333333333,31,0,1,1,4737,0.4737
대구,2.4,31,0,1,1,4737,0.4737
대구,3.066666666666667,31,0,1,1,4737,0.4737
대구,2.533333333333333,31,0,0,1,4737,0.4737
광주,3.6666666666666665,31,0,1,1,3081,0.3081
대전,2.6,31,0,1,1,3012,0.3012
대전,2.3333333333333335,31,0,1,1,3012,0.3012
세종,3.0,31,0,1,2,754,0.0754
세종,2.0,31,0,1,2,754,0.0754
경기,4.533333333333333,31,0,1,3,46581,4.6581
서울,2.8,31,1,1,1,23251,2.3251
서울,3.2,31,1,1,1,23251,2.3251
서울,3.6666666666666665,31,1,1,1,23251,2.3251
강원,2.466666666666667,31,1,1,2,3611,0.3611
강원,2.2666666666666666,31,1,1,2,3611,0.3611
충남,2.466666666666667,31,1,1,3,8534,0.8534
전북,2.933333333333333,31,1,1,2,5218,0.5218
제주,2.8,31,1,1,2,2623,0.2623
제주,3.8,31,1,1,2,2623,0.2623
제주,3.7333333333333334,31,1,1,2,2623,0.2623
부산,4.266666666666667,31,1,1,1,5998,0.5998
대구,2.8,31,1,1,1,4737,0.4737
인천,2.6666666666666665,31,1,1,1,10645,1.0645
인천,1.7333333333333334,31,1,1,1,10645,1.0645
인천,2.533333333333333,31,1,1,1,10645,1.0645
광주,2.933333333333333,31,1,1,1,3081,0.3081
광주,3.066666666666667,31,1,1,1,3081,0.3081
광주,3.2,31,1,1,1,3081,0.3081
대전,3.1333333333333333,31,1,1,1,3012,0.3012
울산,3.8666666666666667,31,1,1,1,2904,0.2904
세종,2.533333333333333,31,1,1,3,754,0.0754
경기,3.533333333333333,31,1,1,2,46581,4.6581
경기,2.533333333333333,31,1,1,2,46581,4.6581
경기,3.466666666666667,31,1,1,2,46581,4.6581
경기,2.466666666666667,31,1,1,2,46581,4.6581
경기,4.066666666666666,31,1,1,2,46581,4.6581
서울,3.4,32,0,1,1,23251,2.3251
서울,3.066666666666667,32,0,1,1,23251,2.3251
서울,3.1333333333333333,32,0,1,1,23251,2.3251
서울,3.8666666666666667,32,0,1,1,23251,2.3251
서울,3.466666666666667,32,0,0,1,23251,2.3251
충북,2.2,32,0,1,2,5059,0.5059
충북,3.2,32,0,1,2,5059,0.5059
충북,1.0,32,0,1,3,5059,0.5059
충남,2.7333333333333334,32,0,1,3,8534,0.8534
충남,2.6,32,0,1,3,8534,0.8534
전남,3.466666666666667,32,0,0,2,6055,0.6055
전남,3.2,32,0,1,3,6055,0.6055
경북,2.6,32,0,0,2,7071,0.7071
경북,3.3333333333333335,32,0,1,3,7071,0.7071
경남,2.8,32,0,1,3,8711,0.8711
경남,3.466666666666667,32,0,1,3,8711,0.8711
제주,3.2,32,0,1,3,2623,0.2623
부산,3.3333333333333335,32,0,1,1,5998,0.5998
부산,3.0,32,0,1,1,5998,0.5998
대구,3.2,32,0,1,1,4737,0.4737
인천,3.533333333333333,32,0,1,1,10645,1.0645
인천,3.4,32,0,0,1,10645,1.0645
광주,4.266666666666667,32,0,1,1,3081,0.3081
대전,4.4,32,0,1,1,3012,0.3012
대전,3.2,32,0,1,1,3012,0.3012
경기,3.533333333333333,32,0,1,2,46581,4.6581
경기,2.7333333333333334,32,0,1,2,46581,4.6581
경기,4.066666666666666,32,0,1,2,46581,4.6581
경기,3.2666666666666666,32,0,1,2,46581,4.6581
경기,2.6666666666666665,32,0,1,2,46581,4.6581
경기,2.933333333333333,32,0,1,2,46581,4.6581
경기,3.2666666666666666,32,0,1,2,46581,4.6581
경기,2.933333333333333,32,0,1,2,46581,4.6581
경기,2.8666666666666667,32,0,1,2,46581,4.6581
경기,3.933333333333333,32,0,0,3,46581,4.6581
서울,4.2,32,1,1,1,23251,2.3251
서울,3.0,32,1,1,1,23251,2.3251
강원,2.7333333333333334,32,1,1,2,3611,0.3611
강원,3.6,32,1,1,2,3611,0.3611
충북,3.0,32,1,1,2,5059,0.5059
충남,3.0,32,1,1,2,8534,0.8534
충남,2.8,32,1,1,3,8534,0.8534
충남,2.8,32,1,1,3,8534,0.8534
전북,2.7333333333333334,32,1,1,2,5218,0.5218
전북,3.1333333333333333,32,1,0,2,5218,0.5218
전남,3.6666666666666665,32,1,1,2,6055,0.6055
전남,2.533333333333333,32,1,1,3,6055,0.6055
경남,3.066666666666667,32,1,1,3,8711,0.8711
경남,3.2666666666666666,32,1,1,3,8711,0.8711
경남,3.2666666666666666,32,1,1,3,8711,0.8711
제주,2.8,32,1,1,2,2623,0.2623
제주,2.8666666666666667,32,1,1,3,2623,0.2623
부산,2.8,32,1,1,1,5998,0.5998
부산,3.1333333333333333,32,1,1,1,5998,0.5998
대구,2.6666666666666665,32,1,1,1,4737,0.4737
대구,3.8666666666666667,32,1,1,1,4737,0.4737
대구,2.8,32,1,1,1,4737,0.4737
대구,3.933333333333333,32,1,1,1,4737,0.4737
인천,3.3333333333333335,32,1,1,1,10645,1.0645
인천,2.7333333333333334,32,1,1,1,10645,1.0645
인천,3.7333333333333334,32,1,1,1,10645,1.0645
인천,2.7333333333333334,32,1,1,1,10645,1.0645
광주,1.6,32,1,1,1,3081,0.3081
광주,3.066666666666667,32,1,1,1,3081,0.3081
광주,3.3333333333333335,32,1,1,1,3081,0.3081
경기,3.066666666666667,32,1,1,2,46581,4.6581
경기,3.2666666666666666,32,1,1,2,46581,4.6581
경기,3.6,32,1,1,2,46581,4.6581
경기,3.6666666666666665,32,1,1,2,46581,4.6581
경기,3.2666666666666666,32,1,1,2,46581,4.6581
경기,2.933333333333333,32,1,1,3,46581,4.6581
서울,2.8666666666666667,33,0,1,1,23251,2.3251
서울,2.466666666666667,33,0,1,1,23251,2.3251
서울,3.2,33,0,1,1,23251,2.3251
서울,4.2,33,0,1,1,23251,2.3251
충북,3.933333333333333,33,0,0,2,5059,0.5059
충남,1.8666666666666667,33,0,1,3,8534,0.8534
충남,2.6,33,0,1,3,8534,0.8534
전북,4.066666666666666,33,0,1,2,5218,0.5218
전남,2.7333333333333334,33,0,1,3,6055,0.6055
경북,2.1333333333333333,33,0,1,2,7071,0.7071
제주,3.3333333333333335,33,0,1,2,2623,0.2623
부산,3.2,33,0,1,1,5998,0.5998
대구,2.0,33,0,1,1,4737,0.4737
대구,3.066666666666667,33,0,1,1,4737,0.4737
대구,2.8,33,0,1,1,4737,0.4737
인천,3.8,33,0,1,1,10645,1.0645
대전,3.0,33,0,0,1,3012,0.3012
울산,2.8666666666666667,33,0,1,1,2904,0.2904
세종,3.1333333333333333,33,0,1,2,754,0.0754
경기,3.6,33,0,1,2,46581,4.6581
경기,2.8666666666666667,33,0,1,2,46581,4.6581
경기,3.4,33,0,1,2,46581,4.6581
서울,2.8666666666666667,33,1,1,1,23251,2.3251
서울,3.1333333333333333,33,1,1,1,23251,2.3251
서울,2.8,33,1,1,1,23251,2.3251
서울,3.1333333333333333,33,1,1,1,23251,2.3251
서울,3.533333333333333,33,1,1,1,23251,2.3251
강원,3.3333333333333335,33,1,1,2,3611,0.3611
충북,2.2,33,1,1,2,5059,0.5059
충북,2.0,33,1,0,2,5059,0.5059
충북,2.8,33,1,0,3,5059,0.5059
충남,3.2,33,1,1,2,8534,0.8534
전북,3.533333333333333,33,1,1,2,5218,0.5218
전북,3.2666666666666666,33,1,1,2,5218,0.5218
전남,3.6666666666666665,33,1,1,2,6055,0.6055
경북,2.6666666666666665,33,1,1,2,7071,0.7071
경북,2.7333333333333334,33,1,1,2,7071,0.7071
경남,3.8,33,1,1,2,8711,0.8711
경남,2.1333333333333333,33,1,1,2,8711,0.8711
경남,3.533333333333333,33,1,1,3,8711,0.8711
경남,3.4,33,1,1,3,8711,0.8711
제주,2.4,33,1,1,2,2623,0.2623
대구,3.6,33,1,1,1,4737,0.4737
인천,2.2666666666666666,33,1,1,1,10645,1.0645
인천,1.5333333333333334,33,1,1,1,10645,1.0645
인천,3.2666666666666666,33,1,1,1,10645,1.0645
인천,3.466666666666667,33,1,1,1,10645,1.0645
인천,1.8666666666666667,33,1,1,1,10645,1.0645
인천,3.2666666666666666,33,1,1,1,10645,1.0645
광주,3.3333333333333335,33,1,1,1,3081,0.3081
대전,3.066666666666667,33,1,0,1,3012,0.3012
울산,3.533333333333333,33,1,1,1,2904,0.2904
울산,2.3333333333333335,33,1,1,1,2904,0.2904
세종,2.2,33,1,1,2,754,0.0754
세종,3.7333333333333334,33,1,1,3,754,0.0754
경기,2.2666666666666666,33,1,1,2,46581,4.6581
경기,2.8666666666666667,33,1,1,2,46581,4.6581
경기,2.7333333333333334,33,1,1,2,46581,4.6581
경기,3.4,33,1,1,2,46581,4.6581
경기,3.0,33,1,1,2,46581,4.6581
서울,3.466666666666667,34,0,1,1,23251,2.3251
서울,2.933333333333333,34,0,1,1,23251,2.3251
서울,3.0,34,0,1,1,23251,2.3251
서울,2.6666666666666665,34,0,1,1,23251,2.3251
강원,3.7333333333333334,34,0,1,2,3611,0.3611
충북,2.8,34,0,1,2,5059,0.5059
충남,1.8,34,0,1,2,8534,0.8534
충남,4.133333333333334,34,0,1,2,8534,0.8534
전남,3.2666666666666666,34,0,1,2,6055,0.6055
경북,3.6666666666666665,34,0,1,2,7071,0.7071
경북,3.6,34,0,1,2,7071,0.7071
제주,4.066666666666666,34,0,1,2,2623,0.2623
대구,3.533333333333333,34,0,1,1,4737,0.4737
대구,3.8666666666666667,34,0,1,1,4737,0.4737
대구,4.0,34,0,1,1,4737,0.4737
대구,3.8666666666666667,34,0,1,1,4737,0.4737
대구,3.933333333333333,34,0,1,1,4737,0.4737
대구,3.2,34,0,1,1,4737,0.4737
대구,2.933333333333333,34,0,1,1,4737,0.4737
대구,4.066666666666666,34,0,1,1,4737,0.4737
대구,3.8666666666666667,34,0,1,1,4737,0.4737
인천,3.3333333333333335,34,0,1,1,10645,1.0645
광주,2.2666666666666666,34,0,1,1,3081,0.3081
광주,2.8666666666666667,34,0,1,1,3081,0.3081
대전,3.533333333333333,34,0,1,1,3012,0.3012
울산,2.8666666666666667,34,0,1,1,2904,0.2904
세종,3.466666666666667,34,0,1,2,754,0.0754
경기,3.466666666666667,34,0,1,2,46581,4.6581
경기,2.7333333333333334,34,0,1,2,46581,4.6581
경기,4.0,34,0,1,2,46581,4.6581
서울,3.066666666666667,34,1,1,1,23251,2.3251
서울,2.8,34,1,1,1,23251,2.3251
서울,3.8,34,1,1,1,23251,2.3251
서울,2.6666666666666665,34,1,1,1,23251,2.3251
서울,4.0,34,1,1,1,23251,2.3251
서울,4.4,34,1,1,1,23251,2.3251
서울,3.6666666666666665,34,1,1,1,23251,2.3251
서울,4.0,34,1,1,1,23251,2.3251
서울,2.0,34,1,1,1,23251,2.3251
서울,3.533333333333333,34,1,0,1,23251,2.3251
충북,2.0,34,1,1,2,5059,0.5059
충북,3.8666666666666667,34,1,1,2,5059,0.5059
충북,2.8666666666666667,34,1,1,3,5059,0.5059
충북,3.0,34,1,0,3,5059,0.5059
충남,3.933333333333333,34,1,1,3,8534,0.8534
전남,2.933333333333333,34,1,1,2,6055,0.6055
경북,3.0,34,1,1,3,7071,0.7071
제주,4.266666666666667,34,1,1,2,2623,0.2623
제주,1.0,34,1,0,2,2623,0.2623
대구,3.0,34,1,1,1,4737,0.4737
대구,3.4,34,1,1,1,4737,0.4737
대구,3.8,34,1,1,1,4737,0.4737
대구,3.533333333333333,34,1,1,1,4737,0.4737
인천,2.6666666666666665,34,1,1,1,10645,1.0645
인천,2.933333333333333,34,1,1,1,10645,1.0645
인천,2.6,34,1,1,1,10645,1.0645
인천,3.533333333333333,34,1,1,1,10645,1.0645
인천,1.5333333333333334,34,1,0,1,10645,1.0645
광주,3.1333333333333333,34,1,1,1,3081,0.3081
광주,2.2666666666666666,34,1,1,1,3081,0.3081
광주,3.7333333333333334,34,1,1,1,3081,0.3081
대전,2.1333333333333333,34,1,1,1,3012,0.3012
대전,3.6666666666666665,34,1,1,1,3012,0.3012
대전,3.6666666666666665,34,1,1,1,3012,0.3012
울산,3.466666666666667,34,1,1,1,2904,0.2904
세종,3.066666666666667,34,1,0,2,754,0.0754
경기,2.7333333333333334,34,1,1,2,46581,4.6581
경기,3.533333333333333,34,1,1,3,46581,4.6581
경기,3.4,34,1,1,3,46581,4.6581
서울,3.533333333333333,35,0,1,1,23251,2.3251
서울,3.2,35,0,1,1,23251,2.3251
서울,3.2,35,0,1,1,23251,2.3251
서울,3.7333333333333334,35,0,1,1,23251,2.3251
서울,2.466666666666667,35,0,1,1,23251,2.3251
충북,2.8,35,0,0,2,5059,0.5059
충남,3.4,35,0,1,3,8534,0.8534
전북,1.6666666666666667,35,0,1,2,5218,0.5218
경남,4.133333333333334,35,0,1,2,8711,0.8711
제주,3.066666666666667,35,0,1,2,2623,0.2623
부산,3.6,35,0,1,1,5998,0.5998
부산,3.2666666666666666,35,0,1,1,5998,0.5998
부산,4.2,35,0,1,1,5998,0.5998
인천,2.6666666666666665,35,0,1,1,10645,1.0645
인천,3.933333333333333,35,0,1,1,10645,1.0645
인천,2.6,35,0,1,1,10645,1.0645
인천,3.466666666666667,35,0,1,1,10645,1.0645
인천,3.533333333333333,35,0,1,1,10645,1.0645
대전,2.933333333333333,35,0,1,1,3012,0.3012
세종,3.066666666666667,35,0,1,2,754,0.0754
세종,3.2666666666666666,35,0,1,3,754,0.0754
경기,3.4,35,0,1,2,46581,4.6581
경기,3.8,35,0,1,2,46581,4.6581
경기,3.3333333333333335,35,0,0,2,46581,4.6581
경기,2.933333333333333,35,0,1,3,46581,4.6581
경기,4.866666666666666,35,0,1,3,46581,4.6581
서울,3.0,35,1,1,1,23251,2.3251
서울,3.3333333333333335,35,1,1,1,23251,2.3251
강원,3.466666666666667,35,1,1,2,3611,0.3611
충북,4.6,35,1,1,2,5059,0.5059
충북,2.066666666666667,35,1,1,3,5059,0.5059
충북,3.6666666666666665,35,1,0,3,5059,0.5059
충남,3.0,35,1,1,2,8534,0.8534
충남,2.466666666666667,35,1,1,2,8534,0.8534
충남,2.2,35,1,1,2,8534,0.8534
전북,3.8,35,1,1,2,5218,0.5218
전남,3.2666666666666666,35,1,1,2,6055,0.6055
전남,2.7333333333333334,35,1,1,3,6055,0.6055
경북,2.8,35,1,1,2,7071,0.7071
경북,4.0,35,1,1,2,7071,0.7071
경남,2.066666666666667,35,1,1,3,8711,0.8711
제주,1.8,35,1,1,3,2623,0.2623
부산,3.3333333333333335,35,1,1,1,5998,0.5998
대구,3.6,35,1,1,1,4737,0.4737
대구,2.8666666666666667,35,1,1,1,4737,0.4737
인천,1.4666666666666666,35,1,1,1,10645,1.0645
인천,1.7333333333333334,35,1,1,1,10645,1.0645
인천,3.1333333333333333,35,1,1,1,10645,1.0645
인천,1.6,35,1,0,1,10645,1.0645
광주,4.066666666666666,35,1,1,1,3081,0.3081
광주,3.533333333333333,35,1,1,1,3081,0.3081
대전,3.466666666666667,35,1,1,1,3012,0.3012
대전,2.2666666666666666,35,1,0,1,3012,0.3012
울산,4.733333333333333,35,1,1,1,2904,0.2904
세종,2.8,35,1,1,3,754,0.0754
경기,4.133333333333334,35,1,1,2,46581,4.6581
경기,3.2666666666666666,35,1,1,2,46581,4.6581
경기,3.6,35,1,1,2,46581,4.6581
경기,2.7333333333333334,35,1,1,2,46581,4.6581
경기,3.8,35,1,1,3,46581,4.6581
서울,3.1333333333333333,36,0,1,1,23251,2.3251
서울,2.533333333333333,36,0,1,1,23251,2.3251
서울,2.533333333333333,36,0,1,1,23251,2.3251
서울,3.8,36,0,1,1,23251,2.3251
서울,3.466666666666667,36,0,0,1,23251,2.3251
강원,2.8666666666666667,36,0,1,2,3611,0.3611
강원,2.3333333333333335,36,0,1,3,3611,0.3611
충남,1.8666666666666667,36,0,1,2,8534,0.8534
전북,2.8666666666666667,36,0,1,2,5218,0.5218
전북,2.533333333333333,36,0,1,2,5218,0.5218
전남,3.4,36,0,1,2,6055,0.6055
전남,3.4,36,0,1,2,6055,0.6055
전남,3.066666666666667,36,0,1,3,6055,0.6055
경북,3.8666666666666667,36,0,1,2,7071,0.7071
경남,3.0,36,0,1,3,8711,0.8711
경남,2.8666666666666667,36,0,1,3,8711,0.8711
경남,2.466666666666667,36,0,1,3,8711,0.8711
부산,3.6666666666666665,36,0,1,1,5998,0.5998
부산,2.8666666666666667,36,0,1,1,5998,0.5998
부산,3.2,36,0,1,1,5998,0.5998
부산,3.1333333333333333,36,0,1,1,5998,0.5998
인천,1.4666666666666666,36,0,0,1,10645,1.0645
인천,1.6,36,0,0,1,10645,1.0645
광주,2.8666666666666667,36,0,1,1,3081,0.3081
광주,3.2666666666666666,36,0,1,1,3081,0.3081
광주,3.6,36,0,1,1,3081,0.3081
대전,2.7333333333333334,36,0,1,1,3012,0.3012
대전,3.3333333333333335,36,0,1,1,3012,0.3012
세종,3.1333333333333333,36,0,1,2,754,0.0754
세종,2.066666666666667,36,0,1,3,754,0.0754
경기,3.4,36,0,1,2,46581,4.6581
경기,2.8,36,0,1,2,46581,4.6581
경기,3.6,36,0,1,2,46581,4.6581
경기,2.6,36,0,1,2,46581,4.6581
경기,2.8,36,0,1,2,46581,4.6581
경기,1.8666666666666667,36,0,1,2,46581,4.6581
경기,3.6,36,0,0,2,46581,4.6581
서울,2.8,36,1,1,1,23251,2.3251
서울,3.0,36,1,1,1,23251,2.3251
서울,3.533333333333333,36,1,1,1,23251,2.3251
서울,3.533333333333333,36,1,1,1,23251,2.3251
강원,3.2,36,1,1,2,3611,0.3611
충북,2.6,36,1,0,3,5059,0.5059
충남,4.6,36,1,1,2,8534,0.8534
전남,3.6666666666666665,36,1,1,2,6055,0.6055
경북,3.466666666666667,36,1,1,2,7071,0.7071
경북,3.2666666666666666,36,1,1,3,7071,0.7071
제주,3.1333333333333333,36,1,1,2,2623,0.2623
제주,3.7333333333333334,36,1,1,2,2623,0.2623
부산,4.0,36,1,1,1,5998,0.5998
부산,2.8666666666666667,36,1,1,1,5998,0.5998
부산,3.6,36,1,1,1,5998,0.5998
대구,3.933333333333333,36,1,1,1,4737,0.4737
대구,3.933333333333333,36,1,1,1,4737,0.4737
인천,1.5333333333333334,36,1,1,1,10645,1.0645
인천,3.1333333333333333,36,1,1,1,10645,1.0645
인천,2.2,36,1,0,1,10645,1.0645
광주,2.6,36,1,1,1,3081,0.3081
광주,2.1333333333333333,36,1,1,1,3081,0.3081
광주,3.466666666666667,36,1,1,1,3081,0.3081
대전,2.6,36,1,1,1,3012,0.3012
대전,3.0,36,1,1,1,3012,0.3012
대전,3.466666666666667,36,1,1,1,3012,0.3012
대전,3.2,36,1,1,1,3012,0.3012
대전,3.6666666666666665,36,1,1,1,3012,0.3012
대전,3.4,36,1,0,1,3012,0.3012
경기,2.7333333333333334,36,1,1,2,46581,4.6581
경기,2.6,36,1,1,2,46581,4.6581
경기,4.133333333333334,36,1,1,2,46581,4.6581
경기,4.333333333333333,36,1,1,2,46581,4.6581
경기,3.2666666666666666,36,1,1,2,46581,4.6581
경기,3.3333333333333335,36,1,1,3,46581,4.6581
서울,3.1333333333333333,37,0,1,1,23251,2.3251
서울,2.466666666666667,37,0,1,1,23251,2.3251
서울,1.9333333333333333,37,0,1,1,23251,2.3251
서울,3.4,37,0,1,1,23251,2.3251
서울,3.066666666666667,37,0,1,1,23251,2.3251
강원,3.3333333333333335,37,0,1,2,3611,0.3611
충남,4.2,37,0,1,2,8534,0.8534
충남,3.2666666666666666,37,0,1,3,8534,0.8534
전북,2.8666666666666667,37,0,1,2,5218,0.5218
전남,3.066666666666667,37,0,1,2,6055,0.6055
전남,3.066666666666667,37,0,1,2,6055,0.6055
전남,3.066666666666667,37,0,1,3,6055,0.6055
경북,2.933333333333333,37,0,1,2,7071,0.7071
경북,3.3333333333333335,37,0,1,2,7071,0.7071
경북,3.466666666666667,37,0,1,2,7071,0.7071
제주,3.2,37,0,1,3,2623,0.2623
부산,3.6,37,0,1,1,5998,0.5998
부산,4.133333333333334,37,0,1,1,5998,0.5998
부산,4.333333333333333,37,0,1,1,5998,0.5998
부산,3.1333333333333333,37,0,1,1,5998,0.5998
부산,2.8,37,0,1,1,5998,0.5998
부산,3.2666666666666666,37,0,1,1,5998,0.5998
대구,1.9333333333333333,37,0,1,1,4737,0.4737
대구,3.2666666666666666,37,0,1,1,4737,0.4737
대구,3.6666666666666665,37,0,1,1,4737,0.4737
대구,3.0,37,0,0,1,4737,0.4737
인천,2.8,37,0,1,1,10645,1.0645
인천,3.933333333333333,37,0,1,1,10645,1.0645
인천,1.8,37,0,1,1,10645,1.0645
인천,2.8,37,0,1,1,10645,1.0645
광주,3.533333333333333,37,0,1,1,3081,0.3081
대전,2.6,37,0,1,1,3012,0.3012
대전,3.0,37,0,1,1,3012,0.3012
울산,4.0,37,0,1,1,2904,0.2904
세종,2.8666666666666667,37,0,1,2,754,0.0754
경기,2.8666666666666667,37,0,1,2,46581,4.6581
경기,3.8,37,0,1,2,46581,4.6581
경기,3.8666666666666667,37,0,1,2,46581,4.6581
경기,3.533333333333333,37,0,1,2,46581,4.6581
경기,3.066666666666667,37,0,1,2,46581,4.6581
경기,2.7333333333333334,37,0,1,2,46581,4.6581
경기,4.4,37,0,1,3,46581,4.6581
서울,2.8,37,1,1,1,23251,2.3251
서울,2.8,37,1,1,1,23251,2.3251
서울,2.066666666666667,37,1,1,1,23251,2.3251
서울,3.7333333333333334,37,1,1,1,23251,2.3251
강원,2.8,37,1,1,2,3611,0.3611
충북,3.0,37,1,1,3,5059,0.5059
충북,3.6,37,1,0,3,5059,0.5059
전북,3.2,37,1,1,2,5218,0.5218
전북,2.933333333333333,37,1,1,2,5218,0.5218
전남,2.466666666666667,37,1,1,2,6055,0.6055
전남,3.6666666666666665,37,1,0,2,6055,0.6055
경북,3.933333333333333,37,1,1,2,7071,0.7071
경북,3.066666666666667,37,1,0,3,7071,0.7071
경남,3.6666666666666665,37,1,1,2,8711,0.8711
경남,3.2666666666666666,37,1,1,2,8711,0.8711
경남,4.2,37,1,1,3,8711,0.8711
부산,3.4,37,1,1,1,5998,0.5998
대구,3.7333333333333334,37,1,1,1,4737,0.4737
인천,2.6,37,1,1,1,10645,1.0645
인천,1.6666666666666667,37,1,0,1,10645,1.0645
광주,4.066666666666666,37,1,1,1,3081,0.3081
대전,3.4,37,1,1,1,3012,0.3012
대전,3.0,37,1,1,1,3012,0.3012
대전,3.066666666666667,37,1,1,1,3012,0.3012
대전,3.066666666666667,37,1,1,1,3012,0.3012
대전,3.066666666666667,37,1,1,1,3012,0.3012
대전,3.2666666666666666,37,1,1,1,3012,0.3012
세종,3.0,37,1,1,2,754,0.0754
경기,4.533333333333333,37,1,1,2,46581,4.6581
경기,3.2,37,1,1,2,46581,4.6581
경기,4.2,37,1,1,2,46581,4.6581
경기,3.0,37,1,1,2,46581,4.6581
경기,2.8666666666666667,37,1,1,2,46581,4.6581
경기,3.0,37,1,1,2,46581,4.6581
경기,3.8,37,1,1,2,46581,4.6581
경기,3.533333333333333,37,1,1,2,46581,4.6581
경기,3.533333333333333,37,1,1,2,46581,4.6581
경기,2.533333333333333,37,1,0,2,46581,4.6581
경기,3.2,37,1,1,3,46581,4.6581
경기,2.6,37,1,1,3,46581,4.6581
서울,2.3333333333333335,38,0,1,1,23251,2.3251
서울,2.8666666666666667,38,0,1,1,23251,2.3251
서울,3.2,38,0,1,1,23251,2.3251
서울,2.1333333333333333,38,0,1,1,23251,2.3251
서울,3.8666666666666667,38,0,1,1,23251,2.3251
서울,2.3333333333333335,38,0,1,1,23251,2.3251
서울,2.0,38,0,1,1,23251,2.3251
서울,4.066666666666666,38,0,1,1,23251,2.3251
서울,2.4,38,0,1,1,23251,2.3251
강원,2.0,38,0,1,2,3611,0.3611
충남,3.4,38,0,1,2,8534,0.8534
충남,2.466666666666667,38,0,1,2,8534,0.8534
제주,3.6,38,0,1,2,2623,0.2623
제주,1.2666666666666666,38,0,1,3,2623,0.2623
부산,2.8,38,0,1,1,5998,0.5998
부산,3.066666666666667,38,0,1,1,5998,0.5998
부산,4.266666666666667,38,0,1,1,5998,0.5998
대구,3.6666666666666665,38,0,1,1,4737,0.4737
인천,3.4,38,0,1,1,10645,1.0645
인천,1.0,38,0,1,1,10645,1.0645
광주,3.3333333333333335,38,0,1,1,3081,0.3081
대전,3.3333333333333335,38,0,0,1,3012,0.3012
울산,3.1333333333333333,38,0,1,1,2904,0.2904
세종,3.6666666666666665,38,0,1,2,754,0.0754
경기,3.4,38,0,1,2,46581,4.6581
경기,3.3333333333333335,38,0,1,2,46581,4.6581
경기,2.8666666666666667,38,0,1,2,46581,4.6581
경기,3.2666666666666666,38,0,1,2,46581,4.6581
경기,3.533333333333333,38,0,1,2,46581,4.6581
경기,3.8666666666666667,38,0,1,3,46581,4.6581
경기,3.6666666666666665,38,0,1,3,46581,4.6581
서울,3.1333333333333333,38,1,1,1,23251,2.3251
서울,2.3333333333333335,38,1,1,1,23251,2.3251
서울,4.133333333333334,38,1,1,1,23251,2.3251
서울,3.2,38,1,1,1,23251,2.3251
서울,2.6666666666666665,38,1,1,1,23251,2.3251
서울,3.8666666666666667,38,1,1,1,23251,2.3251
서울,2.8,38,1,1,1,23251,2.3251
서울,3.6,38,1,1,1,23251,2.3251
서울,3.6,38,1,1,1,23251,2.3251
강원,3.3333333333333335,38,1,1,2,3611,0.3611
강원,2.066666666666667,38,1,1,2,3611,0.3611
강원,2.533333333333333,38,1,1,2,3611,0.3611
강원,2.4,38,1,1,2,3611,0.3611
충북,1.6666666666666667,38,1,1,2,5059,0.5059
충북,3.7333333333333334,38,1,1,3,5059,0.5059
충북,3.0,38,1,1,3,5059,0.5059
충남,2.933333333333333,38,1,1,2,8534,0.8534
충남,3.8,38,1,1,2,8534,0.8534
충남,1.8666666666666667,38,1,1,3,8534,0.8534
충남,3.1333333333333333,38,1,1,3,8534,0.8534
전북,3.2666666666666666,38,1,1,2,5218,0.5218
전남,3.2,38,1,1,2,6055,0.6055
전남,3.3333333333333335,38,1,1,2,6055,0.6055
경남,3.2,38,1,1,2,8711,0.8711
경남,4.0,38,1,1,2,8711,0.8711
경남,3.933333333333333,38,1,1,2,8711,0.8711
경남,2.7333333333333334,38,1,1,3,8711,0.8711
제주,4.533333333333333,38,1,1,3,2623,0.2623
제주,2.0,38,1,1,3,2623,0.2623
부산,3.6,38,1,1,1,5998,0.5998
부산,2.533333333333333,38,1,1,1,5998,0.5998
부산,4.0,38,1,1,1,5998,0.5998
대구,3.7333333333333334,38,1,1,1,4737,0.4737
대구,2.933333333333333,38,1,1,1,4737,0.4737
대구,3.2666666666666666,38,1,1,1,4737,0.4737
인천,1.8666666666666667,38,1,1,1,10645,1.0645
인천,3.066666666666667,38,1,1,1,10645,1.0645
인천,3.2666666666666666,38,1,1,1,10645,1.0645
인천,3.2,38,1,1,1,10645,1.0645
인천,1.6666666666666667,38,1,0,1,10645,1.0645
인천,1.5333333333333334,38,1,0,1,10645,1.0645
울산,3.6,38,1,1,1,2904,0.2904
울산,3.066666666666667,38,1,1,1,2904,0.2904
울산,3.2,38,1,1,1,2904,0.2904
세종,2.6,38,1,1,3,754,0.0754
경기,3.2666666666666666,38,1,1,2,46581,4.6581
경기,3.1333333333333333,38,1,1,2,46581,4.6581
경기,3.4,38,1,1,2,46581,4.6581
경기,3.2666666666666666,38,1,1,2,46581,4.6581
경기,3.6666666666666665,38,1,1,3,46581,4.6581
경기,2.466666666666667,38,1,1,3,46581,4.6581
서울,3.4,39,0,1,1,23251,2.3251
서울,1.8,39,0,1,1,23251,2.3251
서울,2.7333333333333334,39,0,1,1,23251,2.3251
서울,2.533333333333333,39,0,1,1,23251,2.3251
서울,3.066666666666667,39,0,1,1,23251,2.3251
강원,1.4,39,0,1,2,3611,0.3611
충북,3.2,39,0,1,2,5059,0.5059
충남,4.0,39,0,1,2,8534,0.8534
전북,3.2666666666666666,39,0,1,2,5218,0.5218
전북,3.3333333333333335,39,0,0,2,5218,0.5218
전남,3.0,39,0,1,2,6055,0.6055
전남,2.0,39,0,1,3,6055,0.6055
전남,3.2666666666666666,39,0,0,3,6055,0.6055
경북,2.466666666666667,39,0,1,2,7071,0.7071
경북,4.733333333333333,39,0,1,3,7071,0.7071
경남,2.533333333333333,39,0,1,2,8711,0.8711
경남,3.4,39,0,1,3,8711,0.8711
경남,3.0,39,0,1,3,8711,0.8711
제주,4.133333333333334,39,0,1,2,2623,0.2623
부산,4.266666666666667,39,0,1,1,5998,0.5998
부산,3.466666666666667,39,0,1,1,5998,0.5998
대구,2.933333333333333,39,0,1,1,4737,0.4737
대구,2.8,39,0,1,1,4737,0.4737
인천,3.0,39,0,1,1,10645,1.0645
인천,4.266666666666667,39,0,1,1,10645,1.0645
인천,3.1333333333333333,39,0,1,1,10645,1.0645
인천,1.6,39,0,0,1,10645,1.0645
인천,1.5333333333333334,39,0,0,1,10645,1.0645
광주,3.6,39,0,1,1,3081,0.3081
광주,3.6666666666666665,39,0,1,1,3081,0.3081
대전,3.533333333333333,39,0,1,1,3012,0.3012
울산,2.933333333333333,39,0,1,1,2904,0.2904
세종,2.3333333333333335,39,0,1,3,754,0.0754
경기,3.6,39,0,1,2,46581,4.6581
경기,3.6666666666666665,39,0,1,2,46581,4.6581
경기,3.0,39,0,1,2,46581,4.6581
경기,3.6666666666666665,39,0,1,2,46581,4.6581
경기,4.066666666666666,39,0,1,3,46581,4.6581
서울,2.6666666666666665,39,1,1,1,23251,2.3251
서울,2.6666666666666665,39,1,1,1,23251,2.3251
서울,2.933333333333333,39,1,1,1,23251,2.3251
서울,3.2,39,1,1,1,23251,2.3251
서울,3.4,39,1,1,1,23251,2.3251
서울,4.0,39,1,1,1,23251,2.3251
서울,2.0,39,1,1,1,23251,2.3251
강원,2.1333333333333333,39,1,1,2,3611,0.3611
강원,3.066666666666667,39,1,1,2,3611,0.3611
충북,3.0,39,1,1,3,5059,0.5059
충북,3.1333333333333333,39,1,1,3,5059,0.5059
충남,2.533333333333333,39,1,1,3,8534,0.8534
충남,1.3333333333333333,39,1,1,3,8534,0.8534
전북,2.7333333333333334,39,1,1,2,5218,0.5218
전남,2.6666666666666665,39,1,1,2,6055,0.6055
전남,2.4,39,1,1,3,6055,0.6055
전남,3.2666666666666666,39,1,1,3,6055,0.6055
전남,2.466666666666667,39,1,1,3,6055,0.6055
경북,3.066666666666667,39,1,1,2,7071,0.7071
경북,3.933333333333333,39,1,1,3,7071,0.7071
경북,4.933333333333334,39,1,1,3,7071,0.7071
경남,4.333333333333333,39,1,1,2,8711,0.8711
경남,3.533333333333333,39,1,1,2,8711,0.8711
경남,3.8666666666666667,39,1,1,2,8711,0.8711
경남,2.8666666666666667,39,1,1,2,8711,0.8711
경남,3.8666666666666667,39,1,1,3,8711,0.8711
제주,3.4,39,1,1,2,2623,0.2623
제주,2.4,39,1,1,2,2623,0.2623
제주,2.933333333333333,39,1,1,3,2623,0.2623
부산,2.6,39,1,1,1,5998,0.5998
부산,4.4,39,1,1,1,5998,0.5998
부산,2.933333333333333,39,1,1,1,5998,0.5998
부산,4.333333333333333,39,1,1,1,5998,0.5998
부산,3.6,39,1,0,1,5998,0.5998
대구,2.533333333333333,39,1,1,1,4737,0.4737
대구,3.066666666666667,39,1,1,1,4737,0.4737
대구,3.933333333333333,39,1,1,1,4737,0.4737
대구,3.066666666666667,39,1,1,1,4737,0.4737
대구,3.8,39,1,1,1,4737,0.4737
대구,3.8666666666666667,39,1,1,1,4737,0.4737
인천,3.1333333333333333,39,1,1,1,10645,1.0645
인천,1.8,39,1,1,1,10645,1.0645
인천,3.3333333333333335,39,1,1,1,10645,1.0645
인천,3.6,39,1,1,1,10645,1.0645
인천,3.533333333333333,39,1,1,1,10645,1.0645
대전,2.8666666666666667,39,1,1,1,3012,0.3012
울산,3.2,39,1,1,1,2904,0.2904
울산,3.533333333333333,39,1,1,1,2904,0.2904
울산,4.0,39,1,1,1,2904,0.2904
울산,3.3333333333333335,39,1,1,1,2904,0.2904
울산,4.4,39,1,1,1,2904,0.2904
세종,3.6,39,1,1,2,754,0.0754
세종,2.0,39,1,1,3,754,0.0754
세종,2.0,39,1,0,3,754,0.0754
경기,3.8,39,1,1,2,46581,4.6581
경기,3.2666666666666666,39,1,1,2,46581,4.6581
경기,3.533333333333333,39,1,1,2,46581,4.6581
경기,3.2666666666666666,39,1,1,3,46581,4.6581
경기,3.1333333333333333,39,1,1,3,46581,4.6581
서울,3.1333333333333333,40,0,1,1,23251,2.3251
서울,3.933333333333333,40,0,1,1,23251,2.3251
서울,4.133333333333334,40,0,1,1,23251,2.3251
강원,3.2,40,0,1,3,3611,0.3611
충북,2.6666666666666665,40,0,1,3,5059,0.5059
충북,4.2,40,0,1,3,5059,0.5059
충남,2.533333333333333,40,0,1,2,8534,0.8534
전북,3.3333333333333335,40,0,1,2,5218,0.5218
전남,2.6666666666666665,40,0,1,2,6055,0.6055
전남,2.3333333333333335,40,0,1,3,6055,0.6055
경북,1.8,40,0,1,3,7071,0.7071
경북,3.0,40,0,1,3,7071,0.7071
제주,2.2,40,0,1,2,2623,0.2623
대구,4.0,40,0,1,1,4737,0.4737
인천,1.8,40,0,0,1,10645,1.0645
광주,3.4,40,0,1,1,3081,0.3081
대전,2.6666666666666665,40,0,1,1,3012,0.3012
경기,3.4,40,0,1,2,46581,4.6581
경기,2.6666666666666665,40,0,1,2,46581,4.6581
경기,3.8,40,0,1,2,46581,4.6581
경기,3.8666666666666667,40,0,1,2,46581,4.6581
서울,3.6666666666666665,40,1,1,1,23251,2.3251
서울,2.8666666666666667,40,1,1,1,23251,2.3251
서울,2.1333333333333333,40,1,1,1,23251,2.3251
서울,2.933333333333333,40,1,1,1,23251,2.3251
서울,2.8666666666666667,40,1,1,1,23251,2.3251
서울,3.1333333333333333,40,1,1,1,23251,2.3251
서울,3.6,40,1,1,1,23251,2.3251
서울,1.9333333333333333,40,1,1,1,23251,2.3251
강원,3.8666666666666667,40,1,1,2,3611,0.3611
강원,2.0,40,1,1,2,3611,0.3611
충북,3.466666666666667,40,1,1,2,5059,0.5059
충북,2.6,40,1,1,2,5059,0.5059
충북,2.7333333333333334,40,1,0,2,5059,0.5059
충북,3.0,40,1,1,3,5059,0.5059
충남,2.533333333333333,40,1,1,2,8534,0.8534
전북,3.0,40,1,1,2,5218,0.5218
전북,3.1333333333333333,40,1,1,2,5218,0.5218
전북,3.2666666666666666,40,1,1,3,5218,0.5218
전남,1.4666666666666666,40,1,1,3,6055,0.6055
전남,2.3333333333333335,40,1,1,3,6055,0.6055
전남,3.6666666666666665,40,1,0,3,6055,0.6055
경북,4.066666666666666,40,1,1,3,7071,0.7071
경북,3.933333333333333,40,1,1,3,7071,0.7071
경북,2.533333333333333,40,1,0,3,7071,0.7071
경남,3.7333333333333334,40,1,1,2,8711,0.8711
제주,2.6,40,1,1,2,2623,0.2623
제주,2.8,40,1,1,3,2623,0.2623
대구,2.8666666666666667,40,1,1,1,4737,0.4737
대구,3.8666666666666667,40,1,1,1,4737,0.4737
대구,3.6,40,1,1,1,4737,0.4737
대구,2.7333333333333334,40,1,0,1,4737,0.4737
인천,3.8,40,1,1,1,10645,1.0645
인천,3.933333333333333,40,1,1,1,10645,1.0645
인천,3.1333333333333333,40,1,1,1,10645,1.0645
인천,2.933333333333333,40,1,0,1,10645,1.0645
광주,2.0,40,1,1,1,3081,0.3081
광주,4.8,40,1,1,1,3081,0.3081
대전,1.9333333333333333,40,1,1,1,3012,0.3012
대전,3.466666666666667,40,1,1,1,3012,0.3012
대전,3.6666666666666665,40,1,1,1,3012,0.3012
울산,2.8,40,1,1,1,2904,0.2904
세종,2.2666666666666666,40,1,1,2,754,0.0754
세종,2.533333333333333,40,1,1,2,754,0.0754
세종,3.6666666666666665,40,1,1,2,754,0.0754
세종,2.466666666666667,40,1,1,3,754,0.0754
경기,3.4,40,1,1,2,46581,4.6581
경기,3.8666666666666667,40,1,1,2,46581,4.6581
경기,3.4,40,1,1,2,46581,4.6581
경기,2.6666666666666665,40,1,1,2,46581,4.6581
경기,2.8,40,1,1,2,46581,4.6581
경기,2.4,40,1,0,2,46581,4.6581
서울,3.8,41,0,1,1,23251,2.3251
서울,2.8,41,0,1,1,23251,2.3251
서울,2.8,41,0,1,1,23251,2.3251
서울,3.6,41,0,1,1,23251,2.3251
강원,1.5333333333333334,41,0,1,2,3611,0.3611
충북,2.6,41,0,1,3,5059,0.5059
경북,4.4,41,0,1,2,7071,0.7071
경북,3.066666666666667,41,0,1,2,7071,0.7071
경북,3.2,41,0,1,3,7071,0.7071
경남,2.6666666666666665,41,0,1,2,8711,0.8711
경남,3.466666666666667,41,0,1,2,8711,0.8711
경남,3.0,41,0,1,3,8711,0.8711
경남,3.533333333333333,41,0,1,3,8711,0.8711
제주,3.2666666666666666,41,0,1,2,2623,0.2623
제주,3.4,41,0,1,2,2623,0.2623
제주,1.4666666666666666,41,0,1,2,2623,0.2623
부산,3.1333333333333333,41,0,1,1,5998,0.5998
부산,2.6,41,0,1,1,5998,0.5998
부산,3.2,41,0,1,1,5998,0.5998
부산,3.2666666666666666,41,0,1,1,5998,0.5998
부산,3.0,41,0,1,1,5998,0.5998
부산,3.066666666666667,41,0,1,1,5998,0.5998
대구,3.2666666666666666,41,0,1,1,4737,0.4737
인천,4.0,41,0,1,1,10645,1.0645
광주,2.933333333333333,41,0,1,1,3081,0.3081
대전,2.533333333333333,41,0,1,1,3012,0.3012
대전,3.533333333333333,41,0,1,1,3012,0.3012
울산,4.133333333333334,41,0,1,1,2904,0.2904
경기,3.6,41,0,1,2,46581,4.6581
경기,3.0,41,0,1,2,46581,4.6581
경기,2.6,41,0,1,2,46581,4.6581
서울,2.8666666666666667,41,1,1,1,23251,2.3251
서울,2.8666666666666667,41,1,1,1,23251,2.3251
서울,2.8666666666666667,41,1,1,1,23251,2.3251
서울,3.4,41,1,1,1,23251,2.3251
서울,3.066666666666667,41,1,1,1,23251,2.3251
서울,3.1333333333333333,41,1,1,1,23251,2.3251
충북,2.7333333333333334,41,1,1,2,5059,0.5059
충북,2.066666666666667,41,1,1,2,5059,0.5059
전북,2.6666666666666665,41,1,1,3,5218,0.5218
전남,3.6,41,1,1,2,6055,0.6055
전남,3.7333333333333334,41,1,1,2,6055,0.6055
전남,3.533333333333333,41,1,1,2,6055,0.6055
전남,2.2666666666666666,41,1,1,3,6055,0.6055
전남,3.6,41,1,1,3,6055,0.6055
전남,3.066666666666667,41,1,1,3,6055,0.6055
경북,3.466666666666667,41,1,1,3,7071,0.7071
경북,2.7333333333333334,41,1,1,3,7071,0.7071
경남,2.6,41,1,1,2,8711,0.8711
제주,3.2666666666666666,41,1,1,2,2623,0.2623
부산,3.2666666666666666,41,1,1,1,5998,0.5998
부산,4.066666666666666,41,1,1,1,5998,0.5998
대구,4.2,41,1,1,1,4737,0.4737
인천,5.066666666666666,41,1,1,1,10645,1.0645
인천,3.4,41,1,1,1,10645,1.0645
인천,3.7333333333333334,41,1,1,1,10645,1.0645
인천,2.3333333333333335,41,1,1,1,10645,1.0645
인천,1.9333333333333333,41,1,0,1,10645,1.0645
광주,3.6,41,1,1,1,3081,0.3081
광주,3.933333333333333,41,1,1,1,3081,0.3081
대전,2.0,41,1,1,1,3012,0.3012
대전,3.066666666666667,41,1,1,1,3012,0.3012
대전,2.3333333333333335,41,1,0,1,3012,0.3012
울산,3.066666666666667,41,1,1,1,2904,0.2904
울산,3.2,41,1,1,1,2904,0.2904
울산,4.0,41,1,1,1,2904,0.2904
세종,3.8,41,1,1,2,754,0.0754
세종,3.2666666666666666,41,1,0,2,754,0.0754
경기,2.7333333333333334,41,1,1,2,46581,4.6581
경기,3.066666666666667,41,1,1,2,46581,4.6581
경기,3.4,41,1,1,2,46581,4.6581
경기,3.8666666666666667,41,1,1,2,46581,4.6581
경기,3.4,41,1,1,2,46581,4.6581
경기,3.1333333333333333,41,1,1,2,46581,4.6581
경기,3.533333333333333,41,1,1,3,46581,4.6581
경기,3.066666666666667,41,1,1,3,46581,4.6581
서울,2.8,42,0,1,1,23251,2.3251
서울,3.466666666666667,42,0,1,1,23251,2.3251
서울,4.6,42,0,1,1,23251,2.3251
서울,3.066666666666667,42,0,1,1,23251,2.3251
서울,3.6,42,0,1,1,23251,2.3251
충북,3.1333333333333333,42,0,1,2,5059,0.5059
충북,4.666666666666667,42,0,1,2,5059,0.5059
충북,2.6666666666666665,42,0,1,2,5059,0.5059
충북,3.7333333333333334,42,0,1,3,5059,0.5059
충남,2.2,42,0,1,2,8534,0.8534
충남,2.6666666666666665,42,0,1,3,8534,0.8534
전북,2.6,42,0,0,2,5218,0.5218
경북,2.7333333333333334,42,0,1,2,7071,0.7071
경북,3.0,42,0,1,2,7071,0.7071
경북,2.8,42,0,1,3,7071,0.7071
경남,3.2,42,0,1,2,8711,0.8711
경남,2.8666666666666667,42,0,1,2,8711,0.8711
제주,3.933333333333333,42,0,1,2,2623,0.2623
제주,1.7333333333333334,42,0,1,2,2623,0.2623
부산,3.0,42,0,1,1,5998,0.5998
부산,3.1333333333333333,42,0,1,1,5998,0.5998
부산,3.2666666666666666,42,0,1,1,5998,0.5998
인천,1.8666666666666667,42,0,1,1,10645,1.0645
인천,3.066666666666667,42,0,1,1,10645,1.0645
인천,2.4,42,0,1,1,10645,1.0645
인천,3.533333333333333,42,0,1,1,10645,1.0645
인천,2.2,42,0,1,1,10645,1.0645
대전,3.3333333333333335,42,0,1,1,3012,0.3012
울산,4.4,42,0,1,1,2904,0.2904
세종,3.2666666666666666,42,0,1,2,754,0.0754
세종,1.8,42,0,1,3,754,0.0754
경기,3.0,42,0,1,2,46581,4.6581
경기,3.0,42,0,1,2,46581,4.6581
경기,3.0,42,0,1,2,46581,4.6581
경기,3.066666666666667,42,0,1,2,46581,4.6581
경기,3.466666666666667,42,0,1,2,46581,4.6581
경기,3.3333333333333335,42,0,1,2,46581,4.6581
경기,3.066666666666667,42,0,1,2,46581,4.6581
서울,3.3333333333333335,42,1,1,1,23251,2.3251
서울,2.933333333333333,42,1,1,1,23251,2.3251
서울,1.7333333333333334,42,1,1,1,23251,2.3251
서울,2.8,42,1,1,1,23251,2.3251
서울,2.2666666666666666,42,1,1,1,23251,2.3251
강원,3.7333333333333334,42,1,1,2,3611,0.3611
충북,3.933333333333333,42,1,1,2,5059,0.5059
충북,4.133333333333334,42,1,1,2,5059,0.5059
충북,3.6,42,1,1,3,5059,0.5059
충남,3.066666666666667,42,1,1,2,8534,0.8534
충남,2.3333333333333335,42,1,1,2,8534,0.8534
충남,3.3333333333333335,42,1,1,3,8534,0.8534
충남,3.3333333333333335,42,1,1,3,8534,0.8534
전북,2.8,42,1,1,2,5218,0.5218
전북,3.533333333333333,42,1,1,2,5218,0.5218
전북,2.8666666666666667,42,1,0,2,5218,0.5218
전남,3.8666666666666667,42,1,1,2,6055,0.6055
전남,3.2,42,1,1,2,6055,0.6055
전남,2.6666666666666665,42,1,1,2,6055,0.6055
전남,3.4,42,1,1,2,6055,0.6055
전남,2.8666666666666667,42,1,1,3,6055,0.6055
경북,2.6,42,1,1,2,7071,0.7071
경북,2.6666666666666665,42,1,1,2,7071,0.7071
경북,2.466666666666667,42,1,1,2,7071,0.7071
경북,2.6666666666666665,42,1,0,2,7071,0.7071
경북,3.8666666666666667,42,1,1,3,7071,0.7071
경북,2.533333333333333,42,1,1,3,7071,0.7071
경북,3.1333333333333333,42,1,0,3,7071,0.7071
경남,3.2,42,1,1,2,8711,0.8711
경남,3.3333333333333335,42,1,1,2,8711,0.8711
경남,4.2,42,1,1,2,8711,0.8711
경남,3.066666666666667,42,1,1,3,8711,0.8711
경남,3.1333333333333333,42,1,1,3,8711,0.8711
경남,3.2,42,1,1,3,8711,0.8711
제주,3.2,42,1,1,2,2623,0.2623
부산,3.933333333333333,42,1,1,1,5998,0.5998
부산,3.4,42,1,1,1,5998,0.5998
대구,3.6,42,1,1,1,4737,0.4737
대구,2.4,42,1,1,1,4737,0.4737
대구,3.2666666666666666,42,1,1,1,4737,0.4737
대구,3.533333333333333,42,1,1,1,4737,0.4737
대구,3.533333333333333,42,1,1,1,4737,0.4737
대구,3.8666666666666667,42,1,1,1,4737,0.4737
인천,3.6,42,1,1,1,10645,1.0645
인천,3.4,42,1,1,1,10645,1.0645
인천,1.0666666666666667,42,1,1,1,10645,1.0645
인천,1.2666666666666666,42,1,1,1,10645,1.0645
광주,3.3333333333333335,42,1,1,1,3081,0.3081
광주,3.2,42,1,1,1,3081,0.3081
광주,2.933333333333333,42,1,1,1,3081,0.3081
대전,2.7333333333333334,42,1,1,1,3012,0.3012
대전,3.533333333333333,42,1,1,1,3012,0.3012
울산,4.0,42,1,1,1,2904,0.2904
울산,3.2,42,1,1,1,2904,0.2904
울산,3.066666666666667,42,1,1,1,2904,0.2904
세종,3.533333333333333,42,1,1,2,754,0.0754
세종,2.8,42,1,1,2,754,0.0754
경기,3.3333333333333335,42,1,1,2,46581,4.6581
경기,3.8666666666666667,42,1,1,2,46581,4.6581
경기,4.066666666666666,42,1,1,2,46581,4.6581
경기,3.4,42,1,1,2,46581,4.6581
경기,3.1333333333333333,42,1,1,2,46581,4.6581
경기,3.8666666666666667,42,1,1,2,46581,4.6581
경기,3.1333333333333333,42,1,1,3,46581,4.6581
서울,2.6,43,0,1,1,23251,2.3251
서울,1.4666666666666666,43,0,1,1,23251,2.3251
서울,3.0,43,0,1,1,23251,2.3251
서울,2.3333333333333335,43,0,1,1,23251,2.3251
서울,3.066666666666667,43,0,1,1,23251,2.3251
서울,2.1333333333333333,43,0,1,1,23251,2.3251
강원,2.933333333333333,43,0,1,3,3611,0.3611
충북,3.533333333333333,43,0,1,3,5059,0.5059
충북,3.4,43,0,1,3,5059,0.5059
충남,3.8,43,0,1,2,8534,0.8534
충남,3.0,43,0,1,3,8534,0.8534
전남,2.2666666666666666,43,0,1,2,6055,0.6055
전남,3.533333333333333,43,0,0,3,6055,0.6055
경북,3.2666666666666666,43,0,1,2,7071,0.7071
경남,3.4,43,0,1,2,8711,0.8711
경남,3.466666666666667,43,0,1,2,8711,0.8711
제주,2.2666666666666666,43,0,1,2,2623,0.2623
제주,2.8,43,0,0,2,2623,0.2623
부산,3.3333333333333335,43,0,1,1,5998,0.5998
대구,2.8666666666666667,43,0,1,1,4737,0.4737
대구,3.0,43,0,1,1,4737,0.4737
대구,3.066666666666667,43,0,1,1,4737,0.4737
인천,2.466666666666667,43,0,0,1,10645,1.0645
광주,2.2666666666666666,43,0,1,1,3081,0.3081
대전,3.6,43,0,1,1,3012,0.3012
대전,3.466666666666667,43,0,1,1,3012,0.3012
대전,4.266666666666667,43,0,0,1,3012,0.3012
세종,3.7333333333333334,43,0,1,2,754,0.0754
세종,3.6666666666666665,43,0,1,2,754,0.0754
경기,3.2,43,0,1,2,46581,4.6581
경기,3.533333333333333,43,0,1,2,46581,4.6581
경기,3.2,43,0,1,2,46581,4.6581
경기,2.7333333333333334,43,0,1,2,46581,4.6581
경기,2.933333333333333,43,0,1,2,46581,4.6581
서울,3.533333333333333,43,1,1,1,23251,2.3251
서울,3.3333333333333335,43,1,1,1,23251,2.3251
서울,3.1333333333333333,43,1,1,1,23251,2.3251
충북,1.9333333333333333,43,1,1,2,5059,0.5059
충북,2.2666666666666666,43,1,1,2,5059,0.5059
전북,3.8,43,1,1,2,5218,0.5218
전남,3.8666666666666667,43,1,0,2,6055,0.6055
경북,2.2666666666666666,43,1,1,2,7071,0.7071
경북,3.466666666666667,43,1,1,2,7071,0.7071
경북,2.8666666666666667,43,1,1,2,7071,0.7071
경북,2.6,43,1,1,3,7071,0.7071
경남,3.4,43,1,1,2,8711,0.8711
경남,3.6,43,1,1,2,8711,0.8711
경남,4.533333333333333,43,1,1,2,8711,0.8711
경남,3.7333333333333334,43,1,1,3,8711,0.8711
경남,3.2,43,1,1,3,8711,0.8711
제주,2.8666666666666667,43,1,1,2,2623,0.2623
제주,1.2666666666666666,43,1,1,2,2623,0.2623
제주,1.8,43,1,1,3,2623,0.2623
제주,2.466666666666667,43,1,1,3,2623,0.2623
제주,5.0,43,1,1,3,2623,0.2623
제주,2.1333333333333333,43,1,0,3,2623,0.2623
부산,2.1333333333333333,43,1,1,1,5998,0.5998
부산,3.4,43,1,1,1,5998,0.5998
대구,3.7333333333333334,43,1,1,1,4737,0.4737
인천,1.5333333333333334,43,1,0,1,10645,1.0645
인천,1.4666666666666666,43,1,0,1,10645,1.0645
광주,3.1333333333333333,43,1,1,1,3081,0.3081
대전,2.1333333333333333,43,1,1,1,3012,0.3012
대전,2.466666666666667,43,1,1,1,3012,0.3012
울산,3.2666666666666666,43,1,1,1,2904,0.2904
울산,2.7333333333333334,43,1,1,1,2904,0.2904
세종,2.6,43,1,1,2,754,0.0754
세종,3.8,43,1,1,2,754,0.0754
세종,3.2666666666666666,43,1,1,2,754,0.0754
세종,3.6,43,1,1,2,754,0.0754
세종,2.466666666666667,43,1,1,3,754,0.0754
세종,3.1333333333333333,43,1,1,3,754,0.0754
경기,3.3333333333333335,43,1,1,2,46581,4.6581
경기,3.2666666666666666,43,1,1,2,46581,4.6581
서울,3.3333333333333335,44,0,1,1,23251,2.3251
서울,3.6666666666666665,44,0,1,1,23251,2.3251
서울,3.2666666666666666,44,0,1,1,23251,2.3251
서울,3.0,44,0,1,1,23251,2.3251
서울,3.2,44,0,1,1,23251,2.3251
서울,2.8,44,0,1,1,23251,2.3251
강원,2.933333333333333,44,0,0,2,3611,0.3611
충북,3.7333333333333334,44,0,1,2,5059,0.5059
충북,2.6,44,0,1,2,5059,0.5059
충북,1.8666666666666667,44,0,1,2,5059,0.5059
충남,2.2666666666666666,44,0,1,2,8534,0.8534
충남,2.2,44,0,1,3,8534,0.8534
전북,3.066666666666667,44,0,1,3,5218,0.5218
전남,4.4,44,0,1,3,6055,0.6055
경남,3.2,44,0,1,2,8711,0.8711
경남,3.6,44,0,0,2,8711,0.8711
경남,3.2666666666666666,44,0,1,3,8711,0.8711
제주,4.133333333333334,44,0,1,2,2623,0.2623
제주,4.133333333333334,44,0,1,3,2623,0.2623
부산,3.1333333333333333,44,0,1,1,5998,0.5998
부산,2.8666666666666667,44,0,1,1,5998,0.5998
대구,3.3333333333333335,44,0,1,1,4737,0.4737
대구,3.933333333333333,44,0,0,1,4737,0.4737
인천,1.4666666666666666,44,0,0,1,10645,1.0645
인천,2.0,44,0,0,1,10645,1.0645
광주,3.7333333333333334,44,0,1,1,3081,0.3081
광주,2.8,44,0,1,1,3081,0.3081
대전,3.533333333333333,44,0,1,1,3012,0.3012
경기,2.3333333333333335,44,0,1,2,46581,4.6581
경기,3.3333333333333335,44,0,1,2,46581,4.6581
경기,3.466666666666667,44,0,1,3,46581,4.6581
경기,3.1333333333333333,44,0,1,3,46581,4.6581
경기,3.933333333333333,44,0,1,3,46581,4.6581
서울,3.0,44,1,1,1,23251,2.3251
서울,2.8666666666666667,44,1,1,1,23251,2.3251
서울,2.7333333333333334,44,1,1,1,23251,2.3251
서울,3.2666666666666666,44,1,1,1,23251,2.3251
서울,3.4,44,1,1,1,23251,2.3251
서울,2.7333333333333334,44,1,1,1,23251,2.3251
서울,3.1333333333333333,44,1,1,1,23251,2.3251
강원,2.066666666666667,44,1,1,2,3611,0.3611
충북,3.2666666666666666,44,1,1,2,5059,0.5059
충북,2.533333333333333,44,1,1,3,5059,0.5059
충북,1.9333333333333333,44,1,1,3,5059,0.5059
충남,2.933333333333333,44,1,0,3,8534,0.8534
전북,2.8666666666666667,44,1,1,2,5218,0.5218
전남,2.8,44,1,1,2,6055,0.6055
전남,2.8,44,1,1,3,6055,0.6055
경북,3.4,44,1,1,2,7071,0.7071
경북,4.066666666666666,44,1,1,3,7071,0.7071
경북,3.6,44,1,1,3,7071,0.7071
경북,3.2666666666666666,44,1,1,3,7071,0.7071
경북,3.066666666666667,44,1,1,3,7071,0.7071
경남,2.466666666666667,44,1,1,2,8711,0.8711
경남,3.1333333333333333,44,1,1,2,8711,0.8711
제주,4.0,44,1,0,2,2623,0.2623
부산,3.4,44,1,1,1,5998,0.5998
대구,3.0,44,1,1,1,4737,0.4737
대구,4.0,44,1,1,1,4737,0.4737
대구,3.2,44,1,1,1,4737,0.4737
인천,2.2,44,1,1,1,10645,1.0645
인천,2.1333333333333333,44,1,1,1,10645,1.0645
인천,3.4,44,1,1,1,10645,1.0645
광주,2.7333333333333334,44,1,1,1,3081,0.3081
대전,2.066666666666667,44,1,1,1,3012,0.3012
대전,3.4,44,1,1,1,3012,0.3012
대전,3.6,44,1,0,1,3012,0.3012
울산,2.7333333333333334,44,1,1,1,2904,0.2904
울산,4.133333333333334,44,1,1,1,2904,0.2904
울산,2.466666666666667,44,1,1,1,2904,0.2904
세종,3.7333333333333334,44,1,1,2,754,0.0754
세종,3.2666666666666666,44,1,0,2,754,0.0754
경기,3.533333333333333,44,1,1,2,46581,4.6581
경기,3.1333333333333333,44,1,1,2,46581,4.6581
경기,3.0,44,1,1,2,46581,4.6581
경기,2.8,44,1,1,2,46581,4.6581
경기,3.6666666666666665,44,1,1,3,46581,4.6581
경기,2.933333333333333,44,1,1,3,46581,4.6581
경기,3.3333333333333335,44,1,1,3,46581,4.6581
경기,4.0,44,1,1,3,46581,4.6581
서울,3.0,45,0,1,1,23251,2.3251
서울,3.933333333333333,45,0,1,1,23251,2.3251
서울,2.8,45,0,1,1,23251,2.3251
서울,3.3333333333333335,45,0,1,1,23251,2.3251
서울,1.6666666666666667,45,0,1,1,23251,2.3251
충북,2.7333333333333334,45,0,1,3,5059,0.5059
충북,2.0,45,0,1,3,5059,0.5059
충북,3.2666666666666666,45,0,1,3,5059,0.5059
충남,1.9333333333333333,45,0,1,2,8534,0.8534
충남,3.933333333333333,45,0,1,2,8534,0.8534
충남,3.466666666666667,45,0,1,3,8534,0.8534
충남,3.6666666666666665,45,0,1,3,8534,0.8534
충남,3.6,45,0,0,3,8534,0.8534
전남,3.4,45,0,1,2,6055,0.6055
전남,3.2666666666666666,45,0,1,2,6055,0.6055
전남,3.066666666666667,45,0,1,3,6055,0.6055
전남,3.066666666666667,45,0,1,3,6055,0.6055
전남,2.7333333333333334,45,0,1,3,6055,0.6055
전남,2.6,45,0,1,3,6055,0.6055
경북,2.7333333333333334,45,0,1,2,7071,0.7071
경북,3.3333333333333335,45,0,1,2,7071,0.7071
경남,3.7333333333333334,45,0,1,2,8711,0.8711
경남,3.7333333333333334,45,0,1,2,8711,0.8711
경남,3.1333333333333333,45,0,1,2,8711,0.8711
제주,2.933333333333333,45,0,1,2,2623,0.2623
제주,5.066666666666666,45,0,0,3,2623,0.2623
인천,1.7333333333333334,45,0,1,1,10645,1.0645
광주,3.0,45,0,1,1,3081,0.3081
광주,1.6,45,0,1,1,3081,0.3081
광주,2.2,45,0,1,1,3081,0.3081
광주,3.2,45,0,1,1,3081,0.3081
광주,4.133333333333334,45,0,1,1,3081,0.3081
광주,3.2666666666666666,45,0,1,1,3081,0.3081
대전,3.466666666666667,45,0,1,1,3012,0.3012
대전,3.066666666666667,45,0,0,1,3012,0.3012
울산,3.466666666666667,45,0,1,1,2904,0.2904
울산,3.2,45,0,1,1,2904,0.2904
울산,2.6666666666666665,45,0,1,1,2904,0.2904
울산,3.6,45,0,1,1,2904,0.2904
경기,3.0,45,0,1,2,46581,4.6581
경기,3.2666666666666666,45,0,1,2,46581,4.6581
경기,2.8,45,0,1,2,46581,4.6581
경기,2.8,45,0,1,2,46581,4.6581
경기,3.1333333333333333,45,0,1,2,46581,4.6581
경기,3.1333333333333333,45,0,1,2,46581,4.6581
경기,3.466666666666667,45,0,1,2,46581,4.6581
경기,2.6,45,0,1,2,46581,4.6581
경기,3.466666666666667,45,0,1,2,46581,4.6581
경기,3.1333333333333333,45,0,0,2,46581,4.6581
서울,3.3333333333333335,45,1,1,1,23251,2.3251
서울,3.533333333333333,45,1,1,1,23251,2.3251
서울,4.266666666666667,45,1,1,1,23251,2.3251
서울,3.933333333333333,45,1,1,1,23251,2.3251
서울,3.466666666666667,45,1,1,1,23251,2.3251
서울,2.1333333333333333,45,1,1,1,23251,2.3251
강원,3.8,45,1,1,2,3611,0.3611
강원,2.6666666666666665,45,1,1,2,3611,0.3611
충북,3.8666666666666667,45,1,1,2,5059,0.5059
충북,2.7333333333333334,45,1,1,2,5059,0.5059
충남,2.066666666666667,45,1,1,3,8534,0.8534
전북,2.6666666666666665,45,1,1,2,5218,0.5218
전북,3.1333333333333333,45,1,1,2,5218,0.5218
전북,3.0,45,1,0,2,5218,0.5218
전북,3.6,45,1,1,3,5218,0.5218
전북,2.2666666666666666,45,1,1,3,5218,0.5218
경북,2.6666666666666665,45,1,1,2,7071,0.7071
경북,2.8,45,1,1,2,7071,0.7071
경북,3.7333333333333334,45,1,1,2,7071,0.7071
경북,3.466666666666667,45,1,1,3,7071,0.7071
경남,3.8666666666666667,45,1,1,2,8711,0.8711
부산,2.6,45,1,1,1,5998,0.5998
부산,3.066666666666667,45,1,1,1,5998,0.5998
부산,3.2666666666666666,45,1,1,1,5998,0.5998
대구,4.266666666666667,45,1,1,1,4737,0.4737
대구,3.2666666666666666,45,1,1,1,4737,0.4737
인천,4.6,45,1,1,1,10645,1.0645
인천,3.066666666666667,45,1,1,1,10645,1.0645
인천,2.8666666666666667,45,1,1,1,10645,1.0645
인천,3.533333333333333,45,1,1,1,10645,1.0645
인천,3.2666666666666666,45,1,1,1,10645,1.0645
인천,1.7333333333333334,45,1,1,1,10645,1.0645
인천,2.8666666666666667,45,1,1,1,10645,1.0645
인천,1.7333333333333334,45,1,0,1,10645,1.0645
광주,3.533333333333333,45,1,1,1,3081,0.3081
광주,1.7333333333333334,45,1,1,1,3081,0.3081
광주,3.533333333333333,45,1,1,1,3081,0.3081
광주,3.0,45,1,1,1,3081,0.3081
대전,3.3333333333333335,45,1,1,1,3012,0.3012
대전,3.2666666666666666,45,1,0,1,3012,0.3012
대전,3.6666666666666665,45,1,0,1,3012,0.3012
울산,3.8,45,1,1,1,2904,0.2904
울산,3.0,45,1,1,1,2904,0.2904
울산,3.466666666666667,45,1,1,1,2904,0.2904
울산,2.933333333333333,45,1,1,1,2904,0.2904
울산,3.1333333333333333,45,1,1,1,2904,0.2904
울산,3.0,45,1,0,1,2904,0.2904
세종,3.6666666666666665,45,1,1,2,754,0.0754
세종,3.8666666666666667,45,1,0,2,754,0.0754
세종,3.066666666666667,45,1,1,3,754,0.0754
경기,3.0,45,1,1,2,46581,4.6581
경기,3.3333333333333335,45,1,1,2,46581,4.6581
경기,4.2,45,1,1,2,46581,4.6581
경기,3.6666666666666665,45,1,1,2,46581,4.6581
경기,3.533333333333333,45,1,1,2,46581,4.6581
경기,4.666666666666667,45,1,1,3,46581,4.6581
경기,2.8,45,1,0,3,46581,4.6581
서울,2.7333333333333334,46,0,1,1,23251,2.3251
서울,2.1333333333333333,46,0,1,1,23251,2.3251
서울,3.1333333333333333,46,0,1,1,23251,2.3251
서울,1.9333333333333333,46,0,0,1,23251,2.3251
충남,2.6666666666666665,46,0,1,2,8534,0.8534
충남,4.066666666666666,46,0,1,3,8534,0.8534
전북,1.8,46,0,1,2,5218,0.5218
전북,2.7333333333333334,46,0,0,2,5218,0.5218
전남,3.466666666666667,46,0,1,2,6055,0.6055
전남,3.2,46,0,1,2,6055,0.6055
전남,4.0,46,0,0,2,6055,0.6055
전남,3.0,46,0,1,3,6055,0.6055
전남,3.6,46,0,0,3,6055,0.6055
경북,1.7333333333333334,46,0,1,2,7071,0.7071
경북,3.7333333333333334,46,0,1,2,7071,0.7071
경북,2.6666666666666665,46,0,0,2,7071,0.7071
경남,3.2,46,0,1,2,8711,0.8711
경남,3.1333333333333333,46,0,1,2,8711,0.8711
경남,2.8,46,0,1,2,8711,0.8711
경남,3.533333333333333,46,0,1,2,8711,0.8711
경남,3.3333333333333335,46,0,1,3,8711,0.8711
제주,2.2666666666666666,46,0,1,2,2623,0.2623
제주,3.066666666666667,46,0,1,3,2623,0.2623
제주,5.466666666666667,46,0,0,3,2623,0.2623
부산,3.0,46,0,1,1,5998,0.5998
부산,3.6666666666666665,46,0,1,1,5998,0.5998
부산,2.6666666666666665,46,0,1,1,5998,0.5998
부산,3.4,46,0,1,1,5998,0.5998
대구,3.4,46,0,1,1,4737,0.4737
대구,3.066666666666667,46,0,1,1,4737,0.4737
대구,4.0,46,0,1,1,4737,0.4737
대구,3.533333333333333,46,0,1,1,4737,0.4737
인천,4.0,46,0,1,1,10645,1.0645
인천,3.6666666666666665,46,0,1,1,10645,1.0645
인천,3.8,46,0,1,1,10645,1.0645
인천,2.7333333333333334,46,0,1,1,10645,1.0645
인천,3.0,46,0,1,1,10645,1.0645
광주,3.6,46,0,1,1,3081,0.3081
광주,3.2,46,0,1,1,3081,0.3081
광주,1.9333333333333333,46,0,1,1,3081,0.3081
광주,2.8666666666666667,46,0,1,1,3081,0.3081
대전,2.0,46,0,1,1,3012,0.3012
대전,3.0,46,0,0,1,3012,0.3012
울산,2.8666666666666667,46,0,1,1,2904,0.2904
울산,4.2,46,0,1,1,2904,0.2904
세종,3.2666666666666666,46,0,1,2,754,0.0754
경기,2.7333333333333334,46,0,1,2,46581,4.6581
경기,3.1333333333333333,46,0,1,3,46581,4.6581
경기,3.1333333333333333,46,0,1,3,46581,4.6581
경기,4.333333333333333,46,0,1,3,46581,4.6581
경기,3.1333333333333333,46,0,1,3,46581,4.6581
서울,2.6666666666666665,46,1,1,1,23251,2.3251
서울,3.0,46,1,1,1,23251,2.3251
서울,3.466666666666667,46,1,1,1,23251,2.3251
서울,4.6,46,1,1,1,23251,2.3251
서울,3.8666666666666667,46,1,1,1,23251,2.3251
강원,2.533333333333333,46,1,1,2,3611,0.3611
강원,2.8,46,1,1,2,3611,0.3611
충북,2.8,46,1,1,2,5059,0.5059
충북,3.3333333333333335,46,1,1,2,5059,0.5059
충북,4.6,46,1,1,2,5059,0.5059
충남,3.6666666666666665,46,1,1,2,8534,0.8534
충남,1.8,46,1,1,2,8534,0.8534
충남,2.066666666666667,46,1,1,3,8534,0.8534
전북,2.933333333333333,46,1,1,2,5218,0.5218
전북,3.2666666666666666,46,1,1,2,5218,0.5218
전남,3.1333333333333333,46,1,1,2,6055,0.6055
전남,3.4,46,1,1,2,6055,0.6055
전남,3.1333333333333333,46,1,1,3,6055,0.6055
전남,2.533333333333333,46,1,1,3,6055,0.6055
전남,2.2,46,1,1,3,6055,0.6055
전남,3.0,46,1,1,3,6055,0.6055
경남,3.4,46,1,1,2,8711,0.8711
경남,4.4,46,1,1,2,8711,0.8711
경남,3.6666666666666665,46,1,1,3,8711,0.8711
경남,4.2,46,1,1,3,8711,0.8711
제주,3.1333333333333333,46,1,1,2,2623,0.2623
부산,3.533333333333333,46,1,1,1,5998,0.5998
부산,3.6,46,1,1,1,5998,0.5998
부산,2.8,46,1,1,1,5998,0.5998
부산,3.533333333333333,46,1,1,1,5998,0.5998
부산,3.2666666666666666,46,1,1,1,5998,0.5998
대구,4.2,46,1,1,1,4737,0.4737
대구,4.133333333333334,46,1,1,1,4737,0.4737
대구,3.8,46,1,1,1,4737,0.4737
인천,2.1333333333333333,46,1,1,1,10645,1.0645
인천,2.8,46,1,1,1,10645,1.0645
광주,2.533333333333333,46,1,1,1,3081,0.3081
광주,4.066666666666666,46,1,1,1,3081,0.3081
대전,3.6,46,1,1,1,3012,0.3012
대전,3.4,46,1,1,1,3012,0.3012
대전,3.0,46,1,1,1,3012,0.3012
대전,3.3333333333333335,46,1,1,1,3012,0.3012
대전,3.4,46,1,1,1,3012,0.3012
세종,3.2666666666666666,46,1,1,2,754,0.0754
세종,3.466666666666667,46,1,0,2,754,0.0754
세종,3.066666666666667,46,1,0,2,754,0.0754
경기,5.266666666666667,46,1,1,2,46581,4.6581
경기,3.1333333333333333,46,1,1,2,46581,4.6581
경기,1.9333333333333333,46,1,1,2,46581,4.6581
경기,2.533333333333333,46,1,1,2,46581,4.6581
경기,2.6666666666666665,46,1,1,2,46581,4.6581
경기,3.3333333333333335,46,1,1,2,46581,4.6581
경기,3.2666666666666666,46,1,1,3,46581,4.6581
경기,3.4,46,1,1,3,46581,4.6581
서울,3.0,47,0,1,1,23251,2.3251
서울,3.6,47,0,1,1,23251,2.3251
강원,1.2666666666666666,47,0,1,2,3611,0.3611
강원,4.066666666666666,47,0,1,3,3611,0.3611
충북,2.3333333333333335,47,0,1,2,5059,0.5059
충북,2.4,47,0,1,2,5059,0.5059
충북,2.533333333333333,47,0,1,2,5059,0.5059
충북,2.1333333333333333,47,0,1,2,5059,0.5059
충북,3.1333333333333333,47,0,1,3,5059,0.5059
충북,2.8666666666666667,47,0,1,3,5059,0.5059
충남,2.3333333333333335,47,0,1,3,8534,0.8534
전북,3.2,47,0,1,2,5218,0.5218
전남,3.466666666666667,47,0,1,2,6055,0.6055
전남,3.6,47,0,1,3,6055,0.6055
전남,3.066666666666667,47,0,1,3,6055,0.6055
경북,3.8,47,0,1,2,7071,0.7071
경남,3.2,47,0,1,3,8711,0.8711
제주,2.6666666666666665,47,0,1,3,2623,0.2623
부산,3.6,47,0,1,1,5998,0.5998
대구,3.6,47,0,1,1,4737,0.4737
인천,2.8666666666666667,47,0,1,1,10645,1.0645
인천,3.466666666666667,47,0,1,1,10645,1.0645
인천,2.7333333333333334,47,0,1,1,10645,1.0645
인천,1.4,47,0,0,1,10645,1.0645
광주,2.7333333333333334,47,0,1,1,3081,0.3081
광주,3.1333333333333333,47,0,1,1,3081,0.3081
대전,2.8,47,0,1,1,3012,0.3012
대전,3.466666666666667,47,0,1,1,3012,0.3012
대전,3.2666666666666666,47,0,1,1,3012,0.3012
대전,3.066666666666667,47,0,0,1,3012,0.3012
울산,3.466666666666667,47,0,1,1,2904,0.2904
울산,2.933333333333333,47,0,1,1,2904,0.2904
울산,3.0,47,0,1,1,2904,0.2904
세종,3.1333333333333333,47,0,1,2,754,0.0754
경기,2.933333333333333,47,0,1,2,46581,4.6581
경기,3.4,47,0,1,2,46581,4.6581
경기,3.1333333333333333,47,0,1,2,46581,4.6581
경기,4.066666666666666,47,0,1,2,46581,4.6581
경기,3.0,47,0,1,2,46581,4.6581
경기,3.466666666666667,47,0,1,2,46581,4.6581
경기,3.2666666666666666,47,0,1,2,46581,4.6581
경기,2.7333333333333334,47,0,1,2,46581,4.6581
경기,3.6666666666666665,47,0,1,2,46581,4.6581
경기,3.8,47,0,1,3,46581,4.6581
경기,3.1333333333333333,47,0,1,3,46581,4.6581
경기,4.2,47,0,1,3,46581,4.6581
경기,3.533333333333333,47,0,1,3,46581,4.6581
서울,2.6,47,1,1,1,23251,2.3251
서울,3.6666666666666665,47,1,1,1,23251,2.3251
서울,3.0,47,1,1,1,23251,2.3251
서울,2.3333333333333335,47,1,1,1,23251,2.3251
강원,2.0,47,1,1,2,3611,0.3611
강원,2.0,47,1,1,2,3611,0.3611
충북,2.533333333333333,47,1,1,2,5059,0.5059
충북,3.6,47,1,1,2,5059,0.5059
충북,2.066666666666667,47,1,1,3,5059,0.5059
충남,2.2,47,1,0,2,8534,0.8534
충남,2.1333333333333333,47,1,1,3,8534,0.8534
충남,2.6,47,1,1,3,8534,0.8534
충남,2.6666666666666665,47,1,1,3,8534,0.8534
충남,2.4,47,1,1,3,8534,0.8534
충남,2.2666666666666666,47,1,1,3,8534,0.8534
전북,3.2,47,1,1,2,5218,0.5218
전북,2.6666666666666665,47,1,1,2,5218,0.5218
전북,3.0,47,1,1,2,5218,0.5218
전북,3.8,47,1,1,2,5218,0.5218
전북,3.2,47,1,1,2,5218,0.5218
전북,2.6,47,1,1,2,5218,0.5218
전남,3.2,47,1,1,2,6055,0.6055
전남,2.8666666666666667,47,1,1,2,6055,0.6055
경북,2.6666666666666665,47,1,1,2,7071,0.7071
경북,3.4,47,1,1,2,7071,0.7071
경북,2.933333333333333,47,1,1,2,7071,0.7071
경북,3.066666666666667,47,1,0,3,7071,0.7071
경남,3.6,47,1,1,2,8711,0.8711
경남,4.2,47,1,1,2,8711,0.8711
경남,4.2,47,1,1,2,8711,0.8711
경남,4.266666666666667,47,1,1,2,8711,0.8711
경남,2.8666666666666667,47,1,1,3,8711,0.8711
경남,2.533333333333333,47,1,1,3,8711,0.8711
경남,2.7333333333333334,47,1,0,3,8711,0.8711
제주,3.8,47,1,1,2,2623,0.2623
제주,2.8666666666666667,47,1,1,2,2623,0.2623
제주,3.533333333333333,47,1,1,2,2623,0.2623
제주,4.0,47,1,1,2,2623,0.2623
제주,2.8666666666666667,47,1,1,2,2623,0.2623
대구,3.466666666666667,47,1,1,1,4737,0.4737
인천,2.2,47,1,1,1,10645,1.0645
인천,3.4,47,1,1,1,10645,1.0645
인천,3.1333333333333333,47,1,1,1,10645,1.0645
광주,2.933333333333333,47,1,1,1,3081,0.3081
광주,3.1333333333333333,47,1,1,1,3081,0.3081
광주,2.8,47,1,1,1,3081,0.3081
대전,3.6,47,1,1,1,3012,0.3012
대전,2.933333333333333,47,1,1,1,3012,0.3012
울산,3.1333333333333333,47,1,1,1,2904,0.2904
울산,3.066666666666667,47,1,1,1,2904,0.2904
울산,3.0,47,1,1,1,2904,0.2904
울산,3.8666666666666667,47,1,1,1,2904,0.2904
세종,3.2666666666666666,47,1,1,2,754,0.0754
경기,2.8666666666666667,47,1,1,2,46581,4.6581
경기,3.0,47,1,1,2,46581,4.6581
경기,3.6666666666666665,47,1,1,2,46581,4.6581
경기,3.0,47,1,1,2,46581,4.6581
경기,4.066666666666666,47,1,1,2,46581,4.6581
경기,4.333333333333333,47,1,1,2,46581,4.6581
경기,3.8666666666666667,47,1,1,2,46581,4.6581
경기,4.133333333333334,47,1,1,2,46581,4.6581
경기,3.8,47,1,1,2,46581,4.6581
경기,4.066666666666666,47,1,1,2,46581,4.6581
경기,3.6,47,1,1,2,46581,4.6581
경기,4.066666666666666,47,1,1,3,46581,4.6581
경기,2.933333333333333,47,1,1,3,46581,4.6581
경기,2.8,47,1,1,3,46581,4.6581
경기,4.0,47,1,1,3,46581,4.6581
서울,3.6,48,0,1,1,23251,2.3251
서울,4.2,48,0,1,1,23251,2.3251
서울,3.6,48,0,1,1,23251,2.3251
서울,3.4,48,0,1,1,23251,2.3251
서울,2.2,48,0,1,1,23251,2.3251
서울,3.2,48,0,1,1,23251,2.3251
서울,3.7333333333333334,48,0,1,1,23251,2.3251
강원,2.8,48,0,1,2,3611,0.3611
강원,1.6666666666666667,48,0,1,2,3611,0.3611
충북,4.6,48,0,1,2,5059,0.5059
충북,4.133333333333334,48,0,1,2,5059,0.5059
충북,3.0,48,0,0,2,5059,0.5059
충북,4.6,48,0,1,3,5059,0.5059
충북,3.4,48,0,1,3,5059,0.5059
충남,2.6,48,0,1,3,8534,0.8534
충남,2.466666666666667,48,0,1,3,8534,0.8534
전남,3.1333333333333333,48,0,1,3,6055,0.6055
경북,3.533333333333333,48,0,1,2,7071,0.7071
경북,2.7333333333333334,48,0,1,3,7071,0.7071
경북,2.8666666666666667,48,0,1,3,7071,0.7071
경남,3.066666666666667,48,0,1,2,8711,0.8711
경남,3.2,48,0,1,2,8711,0.8711
경남,3.6,48,0,1,2,8711,0.8711
경남,2.933333333333333,48,0,1,2,8711,0.8711
경남,3.6,48,0,1,2,8711,0.8711
경남,3.066666666666667,48,0,1,2,8711,0.8711
경남,3.1333333333333333,48,0,1,2,8711,0.8711
경남,3.2,48,0,1,2,8711,0.8711
경남,3.1333333333333333,48,0,1,3,8711,0.8711
경남,3.2,48,0,1,3,8711,0.8711
경남,3.6,48,0,1,3,8711,0.8711
제주,3.7333333333333334,48,0,1,2,2623,0.2623
제주,3.7333333333333334,48,0,0,2,2623,0.2623
제주,4.266666666666667,48,0,0,3,2623,0.2623
부산,3.466666666666667,48,0,1,1,5998,0.5998
대구,3.533333333333333,48,0,1,1,4737,0.4737
대구,3.0,48,0,1,1,4737,0.4737
대구,2.933333333333333,48,0,1,1,4737,0.4737
대구,3.3333333333333335,48,0,1,1,4737,0.4737
대구,3.533333333333333,48,0,1,1,4737,0.4737
대구,4.2,48,0,0,1,4737,0.4737
인천,3.2,48,0,1,1,10645,1.0645
인천,2.066666666666667,48,0,1,1,10645,1.0645
인천,2.6,48,0,1,1,10645,1.0645
광주,3.066666666666667,48,0,1,1,3081,0.3081
광주,3.2666666666666666,48,0,1,1,3081,0.3081
광주,4.133333333333334,48,0,1,1,3081,0.3081
광주,2.6666666666666665,48,0,1,1,3081,0.3081
광주,3.6666666666666665,48,0,1,1,3081,0.3081
대전,3.3333333333333335,48,0,1,1,3012,0.3012
대전,3.4,48,0,1,1,3012,0.3012
울산,3.533333333333333,48,0,1,1,2904,0.2904
세종,3.533333333333333,48,0,1,2,754,0.0754
세종,2.8666666666666667,48,0,0,2,754,0.0754
세종,3.8666666666666667,48,0,1,3,754,0.0754
경기,3.2666666666666666,48,0,1,2,46581,4.6581
경기,2.8,48,0,1,2,46581,4.6581
경기,3.466666666666667,48,0,1,2,46581,4.6581
경기,3.7333333333333334,48,0,1,2,46581,4.6581
경기,2.533333333333333,48,0,1,2,46581,4.6581
경기,3.466666666666667,48,0,1,3,46581,4.6581
경기,3.4,48,0,1,3,46581,4.6581
경기,3.2,48,0,1,3,46581,4.6581
서울,3.6666666666666665,48,1,1,1,23251,2.3251
서울,3.1333333333333333,48,1,1,1,23251,2.3251
서울,2.933333333333333,48,1,1,1,23251,2.3251
서울,4.133333333333334,48,1,1,1,23251,2.3251
서울,3.466666666666667,48,1,1,1,23251,2.3251
서울,3.0,48,1,1,1,23251,2.3251
서울,3.3333333333333335,48,1,1,1,23251,2.3251
서울,2.066666666666667,48,1,1,1,23251,2.3251
서울,2.4,48,1,1,1,23251,2.3251
강원,3.1333333333333333,48,1,1,2,3611,0.3611
강원,1.7333333333333334,48,1,1,2,3611,0.3611
강원,2.466666666666667,48,1,1,2,3611,0.3611
충북,3.066666666666667,48,1,1,2,5059,0.5059
충북,3.066666666666667,48,1,1,3,5059,0.5059
충북,2.0,48,1,1,3,5059,0.5059
충남,4.133333333333334,48,1,1,2,8534,0.8534
충남,3.3333333333333335,48,1,1,2,8534,0.8534
충남,4.2,48,1,1,2,8534,0.8534
충남,2.533333333333333,48,1,1,3,8534,0.8534
전북,2.6,48,1,1,2,5218,0.5218
전북,3.4,48,1,1,3,5218,0.5218
전남,3.066666666666667,48,1,1,2,6055,0.6055
전남,3.066666666666667,48,1,1,3,6055,0.6055
경북,1.9333333333333333,48,1,1,2,7071,0.7071
경북,3.6666666666666665,48,1,1,2,7071,0.7071
경남,3.2,48,1,1,2,8711,0.8711
경남,2.6,48,1,1,2,8711,0.8711
경남,2.8,48,1,1,2,8711,0.8711
경남,1.4,48,1,1,2,8711,0.8711
경남,3.533333333333333,48,1,1,2,8711,0.8711
경남,2.933333333333333,48,1,1,3,8711,0.8711
경남,4.0,48,1,1,3,8711,0.8711
제주,2.466666666666667,48,1,1,2,2623,0.2623
제주,4.066666666666666,48,1,0,2,2623,0.2623
제주,3.7333333333333334,48,1,0,2,2623,0.2623
제주,4.133333333333334,48,1,0,2,2623,0.2623
부산,2.8666666666666667,48,1,1,1,5998,0.5998
부산,3.6666666666666665,48,1,1,1,5998,0.5998
부산,3.066666666666667,48,1,1,1,5998,0.5998
부산,3.2666666666666666,48,1,1,1,5998,0.5998
부산,2.933333333333333,48,1,1,1,5998,0.5998
부산,3.0,48,1,1,1,5998,0.5998
대구,2.7333333333333334,48,1,1,1,4737,0.4737
대구,3.4,48,1,1,1,4737,0.4737
대구,2.6666666666666665,48,1,1,1,4737,0.4737
대구,3.6666666666666665,48,1,1,1,4737,0.4737
대구,2.8,48,1,1,1,4737,0.4737
대구,3.2666666666666666,48,1,0,1,4737,0.4737
인천,2.3333333333333335,48,1,1,1,10645,1.0645
인천,4.333333333333333,48,1,1,1,10645,1.0645
인천,3.8,48,1,1,1,10645,1.0645
인천,3.2,48,1,1,1,10645,1.0645
인천,2.066666666666667,48,1,1,1,10645,1.0645
인천,3.2,48,1,1,1,10645,1.0645
인천,3.4,48,1,1,1,10645,1.0645
인천,2.3333333333333335,48,1,1,1,10645,1.0645
광주,3.7333333333333334,48,1,1,1,3081,0.3081
광주,2.933333333333333,48,1,1,1,3081,0.3081
광주,4.066666666666666,48,1,1,1,3081,0.3081
광주,2.6666666666666665,48,1,0,1,3081,0.3081
광주,2.6666666666666665,48,1,0,1,3081,0.3081
대전,3.0,48,1,1,1,3012,0.3012
울산,2.7333333333333334,48,1,1,1,2904,0.2904
울산,3.466666666666667,48,1,1,1,2904,0.2904
울산,2.8,48,1,1,1,2904,0.2904
울산,3.066666666666667,48,1,1,1,2904,0.2904
울산,4.2,48,1,1,1,2904,0.2904
세종,4.066666666666666,48,1,1,2,754,0.0754
세종,2.933333333333333,48,1,1,2,754,0.0754
세종,3.066666666666667,48,1,1,2,754,0.0754
경기,3.533333333333333,48,1,1,2,46581,4.6581
경기,3.2666666666666666,48,1,1,2,46581,4.6581
경기,3.2666666666666666,48,1,1,2,46581,4.6581
경기,3.7333333333333334,48,1,1,2,46581,4.6581
경기,3.6,48,1,1,2,46581,4.6581
경기,2.7333333333333334,48,1,1,2,46581,4.6581
경기,2.6666666666666665,48,1,1,2,46581,4.6581
서울,3.3333333333333335,49,0,1,1,23251,2.3251
서울,3.4,49,0,1,1,23251,2.3251
서울,3.6,49,0,1,1,23251,2.3251
서울,3.066666666666667,49,0,1,1,23251,2.3251
서울,3.2,49,0,1,1,23251,2.3251
서울,4.333333333333333,49,0,1,1,23251,2.3251
서울,4.333333333333333,49,0,1,1,23251,2.3251
강원,3.8,49,0,1,2,3611,0.3611
강원,2.933333333333333,49,0,1,3,3611,0.3611
충북,2.0,49,0,1,3,5059,0.5059
충남,4.333333333333333,49,0,1,2,8534,0.8534
충남,1.9333333333333333,49,0,1,3,8534,0.8534
전북,4.066666666666666,49,0,1,2,5218,0.5218
전남,3.2,49,0,0,3,6055,0.6055
경북,3.1333333333333333,49,0,1,3,7071,0.7071
경남,4.2,49,0,1,2,8711,0.8711
경남,3.6,49,0,1,2,8711,0.8711
경남,3.3333333333333335,49,0,1,2,8711,0.8711
경남,3.466666666666667,49,0,1,2,8711,0.8711
제주,4.133333333333334,49,0,0,2,2623,0.2623
부산,3.0,49,0,1,1,5998,0.5998
부산,3.533333333333333,49,0,1,1,5998,0.5998
부산,3.6,49,0,1,1,5998,0.5998
부산,3.2,49,0,1,1,5998,0.5998
부산,3.4,49,0,1,1,5998,0.5998
대구,3.1333333333333333,49,0,1,1,4737,0.4737
대구,3.7333333333333334,49,0,1,1,4737,0.4737
대구,3.2,49,0,1,1,4737,0.4737
대구,3.466666666666667,49,0,1,1,4737,0.4737
대구,3.6,49,0,1,1,4737,0.4737
인천,1.6,49,0,1,1,10645,1.0645
인천,1.4666666666666666,49,0,1,1,10645,1.0645
인천,2.6,49,0,0,1,10645,1.0645
광주,1.7333333333333334,49,0,1,1,3081,0.3081
광주,3.7333333333333334,49,0,0,1,3081,0.3081
대전,3.2,49,0,0,1,3012,0.3012
울산,4.533333333333333,49,0,1,1,2904,0.2904
울산,4.2,49,0,1,1,2904,0.2904
세종,3.8,49,0,1,2,754,0.0754
경기,4.333333333333333,49,0,1,2,46581,4.6581
경기,3.3333333333333335,49,0,1,2,46581,4.6581
경기,3.8666666666666667,49,0,1,2,46581,4.6581
경기,3.533333333333333,49,0,1,2,46581,4.6581
경기,3.1333333333333333,49,0,1,2,46581,4.6581
경기,3.3333333333333335,49,0,1,2,46581,4.6581
경기,3.6,49,0,0,2,46581,4.6581
경기,2.8,49,0,0,2,46581,4.6581
경기,3.1333333333333333,49,0,1,3,46581,4.6581
경기,3.3333333333333335,49,0,1,3,46581,4.6581
서울,3.1333333333333333,49,1,1,1,23251,2.3251
서울,3.0,49,1,1,1,23251,2.3251
서울,2.6,49,1,1,1,23251,2.3251
서울,3.1333333333333333,49,1,1,1,23251,2.3251
서울,2.8666666666666667,49,1,1,1,23251,2.3251
서울,3.066666666666667,49,1,1,1,23251,2.3251
서울,3.0,49,1,1,1,23251,2.3251
서울,3.1333333333333333,49,1,1,1,23251,2.3251
서울,2.8666666666666667,49,1,1,1,23251,2.3251
서울,3.2,49,1,1,1,23251,2.3251
서울,3.4,49,1,1,1,23251,2.3251
서울,3.7333333333333334,49,1,1,1,23251,2.3251
서울,3.4,49,1,1,1,23251,2.3251
서울,3.8,49,1,1,1,23251,2.3251
서울,3.3333333333333335,49,1,1,1,23251,2.3251
서울,3.8666666666666667,49,1,1,1,23251,2.3251
서울,3.6666666666666665,49,1,1,1,23251,2.3251
강원,3.2,49,1,1,2,3611,0.3611
강원,1.3333333333333333,49,1,1,3,3611,0.3611
충북,3.3333333333333335,49,1,1,2,5059,0.5059
충북,5.0,49,1,1,2,5059,0.5059
충북,2.6,49,1,1,3,5059,0.5059
충북,3.3333333333333335,49,1,1,3,5059,0.5059
충남,2.6666666666666665,49,1,1,2,8534,0.8534
충남,3.0,49,1,1,3,8534,0.8534
충남,4.466666666666667,49,1,1,3,8534,0.8534
충남,2.533333333333333,49,1,1,3,8534,0.8534
충남,2.8,49,1,1,3,8534,0.8534
충남,3.2,49,1,0,3,8534,0.8534
전북,3.8,49,1,1,2,5218,0.5218
전북,3.933333333333333,49,1,1,2,5218,0.5218
전북,3.0,49,1,1,2,5218,0.5218
전북,4.133333333333334,49,1,1,2,5218,0.5218
전북,2.933333333333333,49,1,1,3,5218,0.5218
전북,3.4,49,1,1,3,5218,0.5218
전북,3.0,49,1,1,3,5218,0.5218
전남,3.7333333333333334,49,1,1,2,6055,0.6055
경북,3.066666666666667,49,1,1,2,7071,0.7071
경북,3.0,49,1,0,2,7071,0.7071
경남,3.2,49,1,1,2,8711,0.8711
경남,3.2,49,1,1,2,8711,0.8711
경남,3.8666666666666667,49,1,1,2,8711,0.8711
경남,3.3333333333333335,49,1,1,3,8711,0.8711
경남,2.8666666666666667,49,1,1,3,8711,0.8711
제주,4.333333333333333,49,1,1,3,2623,0.2623
부산,2.8666666666666667,49,1,1,1,5998,0.5998
부산,3.1333333333333333,49,1,1,1,5998,0.5998
부산,3.6,49,1,1,1,5998,0.5998
대구,2.8666666666666667,49,1,1,1,4737,0.4737
대구,3.1333333333333333,49,1,0,1,4737,0.4737
인천,3.466666666666667,49,1,1,1,10645,1.0645
인천,3.3333333333333335,49,1,1,1,10645,1.0645
인천,2.0,49,1,1,1,10645,1.0645
광주,3.6,49,1,1,1,3081,0.3081
광주,1.3333333333333333,49,1,1,1,3081,0.3081
광주,1.6,49,1,1,1,3081,0.3081
광주,3.8666666666666667,49,1,1,1,3081,0.3081
광주,3.4,49,1,1,1,3081,0.3081
광주,3.3333333333333335,49,1,0,1,3081,0.3081
광주,3.533333333333333,49,1,0,1,3081,0.3081
대전,3.1333333333333333,49,1,1,1,3012,0.3012
대전,3.6,49,1,1,1,3012,0.3012
울산,2.933333333333333,49,1,1,1,2904,0.2904
울산,4.266666666666667,49,1,1,1,2904,0.2904
울산,4.0,49,1,0,1,2904,0.2904
울산,3.0,49,1,0,1,2904,0.2904
울산,2.2666666666666666,49,1,0,1,2904,0.2904
세종,3.8,49,1,1,2,754,0.0754
세종,3.466666666666667,49,1,0,2,754,0.0754
경기,4.933333333333334,49,1,1,2,46581,4.6581
경기,2.6,49,1,1,2,46581,4.6581
경기,3.7333333333333334,49,1,1,2,46581,4.6581
경기,3.7333333333333334,49,1,1,2,46581,4.6581
경기,3.8666666666666667,49,1,1,2,46581,4.6581
경기,2.8,49,1,1,2,46581,4.6581
경기,3.0,49,1,1,2,46581,4.6581
경기,4.066666666666666,49,1,1,2,46581,4.6581
경기,3.4,49,1,1,2,46581,4.6581
경기,2.8,49,1,1,2,46581,4.6581
경기,3.933333333333333,49,1,1,2,46581,4.6581
경기,3.066666666666667,49,1,1,3,46581,4.6581
경기,3.8666666666666667,49,1,1,3,46581,4.6581
서울,3.8,50,0,1,1,23251,2.3251
서울,3.7333333333333334,50,0,1,1,23251,2.3251
서울,3.2666666666666666,50,0,1,1,23251,2.3251
서울,3.066666666666667,50,0,1,1,23251,2.3251
서울,3.933333333333333,50,0,1,1,23251,2.3251
강원,3.6,50,0,1,2,3611,0.3611
강원,1.9333333333333333,50,0,1,3,3611,0.3611
충북,2.6666666666666665,50,0,1,2,5059,0.5059
충북,3.6,50,0,1,2,5059,0.5059
충북,2.4,50,0,1,3,5059,0.5059
충남,2.466666666666667,50,0,1,2,8534,0.8534
충남,4.0,50,0,1,2,8534,0.8534
충남,2.466666666666667,50,0,1,3,8534,0.8534
전북,3.533333333333333,50,0,1,2,5218,0.5218
전남,3.6,50,0,1,3,6055,0.6055
경북,2.6666666666666665,50,0,1,2,7071,0.7071
경북,3.533333333333333,50,0,1,2,7071,0.7071
경북,3.8666666666666667,50,0,1,3,7071,0.7071
경남,3.8666666666666667,50,0,1,2,8711,0.8711
경남,3.466666666666667,50,0,1,2,8711,0.8711
경남,4.266666666666667,50,0,1,2,8711,0.8711
제주,4.066666666666666,50,0,1,2,2623,0.2623
부산,2.7333333333333334,50,0,1,1,5998,0.5998
부산,3.466666666666667,50,0,1,1,5998,0.5998
대구,3.0,50,0,1,1,4737,0.4737
대구,4.333333333333333,50,0,0,1,4737,0.4737
인천,3.4,50,0,1,1,10645,1.0645
광주,2.933333333333333,50,0,1,1,3081,0.3081
대전,3.533333333333333,50,0,1,1,3012,0.3012
대전,2.7333333333333334,50,0,1,1,3012,0.3012
대전,2.8666666666666667,50,0,1,1,3012,0.3012
대전,4.0,50,0,0,1,3012,0.3012
울산,2.466666666666667,50,0,1,1,2904,0.2904
울산,3.6666666666666665,50,0,1,1,2904,0.2904
울산,4.066666666666666,50,0,1,1,2904,0.2904
울산,3.466666666666667,50,0,1,1,2904,0.2904
울산,3.0,50,0,1,1,2904,0.2904
울산,4.466666666666667,50,0,1,1,2904,0.2904
세종,3.0,50,0,1,2,754,0.0754
경기,3.066666666666667,50,0,1,2,46581,4.6581
경기,3.8,50,0,1,2,46581,4.6581
경기,3.466666666666667,50,0,1,3,46581,4.6581
서울,3.7333333333333334,50,1,1,1,23251,2.3251
서울,2.7333333333333334,50,1,1,1,23251,2.3251
서울,3.3333333333333335,50,1,1,1,23251,2.3251
서울,3.0,50,1,1,1,23251,2.3251
서울,3.066666666666667,50,1,1,1,23251,2.3251
서울,3.466666666666667,50,1,1,1,23251,2.3251
서울,3.2,50,1,1,1,23251,2.3251
서울,3.2,50,1,1,1,23251,2.3251
강원,3.8666666666666667,50,1,1,2,3611,0.3611
강원,2.933333333333333,50,1,1,2,3611,0.3611
강원,3.2666666666666666,50,1,1,2,3611,0.3611
강원,2.066666666666667,50,1,1,3,3611,0.3611
충북,3.533333333333333,50,1,1,2,5059,0.5059
충북,2.6666666666666665,50,1,1,2,5059,0.5059
충남,4.4,50,1,1,2,8534,0.8534
충남,1.7333333333333334,50,1,1,3,8534,0.8534
충남,4.133333333333334,50,1,0,3,8534,0.8534
충남,4.0,50,1,0,3,8534,0.8534
전북,2.8,50,1,1,2,5218,0.5218
전남,3.466666666666667,50,1,1,3,6055,0.6055
전남,3.466666666666667,50,1,1,3,6055,0.6055
경북,3.0,50,1,1,2,7071,0.7071
경북,4.933333333333334,50,1,1,2,7071,0.7071
경북,4.0,50,1,1,2,7071,0.7071
경북,3.1333333333333333,50,1,1,3,7071,0.7071
경북,3.8,50,1,1,3,7071,0.7071
경남,3.2,50,1,1,2,8711,0.8711
경남,3.2666666666666666,50,1,1,2,8711,0.8711
경남,4.2,50,1,1,2,8711,0.8711
경남,3.0,50,1,1,2,8711,0.8711
경남,3.466666666666667,50,1,1,3,8711,0.8711
경남,3.466666666666667,50,1,1,3,8711,0.8711
경남,3.1333333333333333,50,1,1,3,8711,0.8711
경남,2.8666666666666667,50,1,1,3,8711,0.8711
경남,3.2,50,1,1,3,8711,0.8711
제주,4.066666666666666,50,1,1,2,2623,0.2623
제주,3.466666666666667,50,1,1,2,2623,0.2623
제주,3.1333333333333333,50,1,1,2,2623,0.2623
제주,2.0,50,1,1,3,2623,0.2623
제주,4.266666666666667,50,1,0,3,2623,0.2623
부산,2.8666666666666667,50,1,1,1,5998,0.5998
부산,3.7333333333333334,50,1,1,1,5998,0.5998
부산,2.2,50,1,1,1,5998,0.5998
부산,3.6666666666666665,50,1,1,1,5998,0.5998
부산,2.7333333333333334,50,1,1,1,5998,0.5998
부산,3.3333333333333335,50,1,1,1,5998,0.5998
대구,1.4666666666666666,50,1,1,1,4737,0.4737
대구,3.3333333333333335,50,1,1,1,4737,0.4737
대구,2.533333333333333,50,1,1,1,4737,0.4737
대구,3.0,50,1,1,1,4737,0.4737
인천,3.2,50,1,1,1,10645,1.0645
인천,3.8,50,1,1,1,10645,1.0645
인천,2.066666666666667,50,1,1,1,10645,1.0645
광주,3.533333333333333,50,1,1,1,3081,0.3081
광주,3.7333333333333334,50,1,0,1,3081,0.3081
광주,4.066666666666666,50,1,0,1,3081,0.3081
대전,2.6,50,1,1,1,3012,0.3012
대전,3.533333333333333,50,1,1,1,3012,0.3012
대전,2.4,50,1,1,1,3012,0.3012
대전,1.8666666666666667,50,1,1,1,3012,0.3012
울산,1.9333333333333333,50,1,1,1,2904,0.2904
울산,2.533333333333333,50,1,1,1,2904,0.2904
울산,3.466666666666667,50,1,0,1,2904,0.2904
경기,3.8666666666666667,50,1,1,2,46581,4.6581
경기,3.4,50,1,1,2,46581,4.6581
경기,3.0,50,1,1,2,46581,4.6581
경기,3.8,50,1,1,2,46581,4.6581
경기,3.1333333333333333,50,1,1,3,46581,4.6581
서울,3.466666666666667,51,0,1,1,23251,2.3251
서울,4.6,51,0,1,1,23251,2.3251
서울,3.2,51,0,1,1,23251,2.3251
서울,2.8,51,0,1,1,23251,2.3251
강원,3.2666666666666666,51,0,1,3,3611,0.3611
충북,4.0,51,0,1,2,5059,0.5059
충북,2.7333333333333334,51,0,1,2,5059,0.5059
충북,2.466666666666667,51,0,1,3,5059,0.5059
전북,3.466666666666667,51,0,1,2,5218,0.5218
전북,2.8,51,0,1,3,5218,0.5218
전남,3.3333333333333335,51,0,1,2,6055,0.6055
전남,3.8,51,0,0,2,6055,0.6055
전남,3.0,51,0,1,3,6055,0.6055
전남,2.8666666666666667,51,0,1,3,6055,0.6055
경북,3.533333333333333,51,0,1,2,7071,0.7071
경북,3.533333333333333,51,0,1,2,7071,0.7071
경북,4.133333333333334,51,0,1,2,7071,0.7071
경북,2.533333333333333,51,0,0,2,7071,0.7071
경남,4.0,51,0,1,2,8711,0.8711
경남,3.6666666666666665,51,0,1,2,8711,0.8711
경남,1.5333333333333334,51,0,1,2,8711,0.8711
경남,2.8666666666666667,51,0,1,3,8711,0.8711
경남,2.533333333333333,51,0,1,3,8711,0.8711
경남,3.066666666666667,51,0,1,3,8711,0.8711
제주,2.533333333333333,51,0,1,2,2623,0.2623
부산,3.3333333333333335,51,0,1,1,5998,0.5998
부산,2.3333333333333335,51,0,1,1,5998,0.5998
부산,3.4,51,0,1,1,5998,0.5998
대구,2.933333333333333,51,0,1,1,4737,0.4737
인천,2.8666666666666667,51,0,1,1,10645,1.0645
인천,3.533333333333333,51,0,1,1,10645,1.0645
인천,2.8666666666666667,51,0,1,1,10645,1.0645
광주,3.466666666666667,51,0,1,1,3081,0.3081
광주,3.6666666666666665,51,0,1,1,3081,0.3081
울산,4.2,51,0,1,1,2904,0.2904
울산,4.6,51,0,1,1,2904,0.2904
울산,2.6666666666666665,51,0,1,1,2904,0.2904
세종,3.533333333333333,51,0,1,2,754,0.0754
세종,2.8,51,0,1,2,754,0.0754
경기,3.0,51,0,1,2,46581,4.6581
경기,3.066666666666667,51,0,1,2,46581,4.6581
경기,3.066666666666667,51,0,1,2,46581,4.6581
경기,3.066666666666667,51,0,1,2,46581,4.6581
경기,3.1333333333333333,51,0,1,2,46581,4.6581
경기,2.0,51,0,1,2,46581,4.6581
경기,4.333333333333333,51,0,1,2,46581,4.6581
경기,3.4,51,0,1,3,46581,4.6581
서울,3.0,51,1,1,1,23251,2.3251
서울,3.1333333333333333,51,1,1,1,23251,2.3251
서울,3.1333333333333333,51,1,1,1,23251,2.3251
서울,2.6666666666666665,51,1,1,1,23251,2.3251
서울,3.2666666666666666,51,1,1,1,23251,2.3251
서울,2.2,51,1,1,1,23251,2.3251
강원,3.8666666666666667,51,1,1,2,3611,0.3611
강원,3.466666666666667,51,1,1,2,3611,0.3611
강원,3.066666666666667,51,1,1,2,3611,0.3611
강원,1.5333333333333334,51,1,1,2,3611,0.3611
강원,3.1333333333333333,51,1,1,2,3611,0.3611
강원,2.8666666666666667,51,1,1,3,3611,0.3611
강원,3.7333333333333334,51,1,1,3,3611,0.3611
충북,2.933333333333333,51,1,1,2,5059,0.5059
충북,3.4,51,1,1,2,5059,0.5059
충남,2.7333333333333334,51,1,1,2,8534,0.8534
충남,1.1333333333333333,51,1,1,2,8534,0.8534
충남,2.466666666666667,51,1,1,2,8534,0.8534
충남,2.2666666666666666,51,1,1,3,8534,0.8534
전북,3.533333333333333,51,1,1,3,5218,0.5218
전북,3.8666666666666667,51,1,1,3,5218,0.5218
전남,3.1333333333333333,51,1,1,2,6055,0.6055
전남,3.2,51,1,1,2,6055,0.6055
전남,3.2,51,1,1,2,6055,0.6055
전남,2.2,51,1,1,2,6055,0.6055
전남,2.066666666666667,51,1,1,3,6055,0.6055
전남,3.933333333333333,51,1,0,3,6055,0.6055
경북,3.0,51,1,1,2,7071,0.7071
경북,3.533333333333333,51,1,1,2,7071,0.7071
경북,3.2666666666666666,51,1,0,2,7071,0.7071
경북,3.2666666666666666,51,1,1,3,7071,0.7071
경북,3.6666666666666665,51,1,1,3,7071,0.7071
경북,3.2,51,1,1,3,7071,0.7071
경남,3.6,51,1,1,2,8711,0.8711
경남,3.4,51,1,1,2,8711,0.8711
경남,3.3333333333333335,51,1,1,3,8711,0.8711
경남,2.933333333333333,51,1,1,3,8711,0.8711
경남,3.7333333333333334,51,1,1,3,8711,0.8711
경남,4.8,51,1,1,3,8711,0.8711
제주,2.933333333333333,51,1,0,2,2623,0.2623
부산,3.466666666666667,51,1,1,1,5998,0.5998
부산,3.2,51,1,1,1,5998,0.5998
부산,2.8666666666666667,51,1,1,1,5998,0.5998
부산,2.8666666666666667,51,1,1,1,5998,0.5998
부산,3.533333333333333,51,1,1,1,5998,0.5998
대구,3.533333333333333,51,1,0,1,4737,0.4737
인천,2.6666666666666665,51,1,1,1,10645,1.0645
인천,1.8666666666666667,51,1,1,1,10645,1.0645
인천,3.2,51,1,1,1,10645,1.0645
인천,3.066666666666667,51,1,1,1,10645,1.0645
광주,3.8,51,1,1,1,3081,0.3081
광주,4.066666666666666,51,1,1,1,3081,0.3081
광주,3.0,51,1,0,1,3081,0.3081
광주,2.3333333333333335,51,1,0,1,3081,0.3081
대전,3.0,51,1,1,1,3012,0.3012
대전,3.1333333333333333,51,1,1,1,3012,0.3012
대전,3.1333333333333333,51,1,1,1,3012,0.3012
대전,2.3333333333333335,51,1,1,1,3012,0.3012
대전,3.8,51,1,1,1,3012,0.3012
대전,3.6,51,1,1,1,3012,0.3012
대전,3.2666666666666666,51,1,1,1,3012,0.3012
대전,2.0,51,1,0,1,3012,0.3012
대전,2.7333333333333334,51,1,0,1,3012,0.3012
울산,3.066666666666667,51,1,1,1,2904,0.2904
울산,3.0,51,1,1,1,2904,0.2904
울산,2.6,51,1,1,1,2904,0.2904
울산,3.2,51,1,1,1,2904,0.2904
울산,3.2,51,1,1,1,2904,0.2904
울산,4.4,51,1,1,1,2904,0.2904
울산,4.466666666666667,51,1,1,1,2904,0.2904
울산,4.2,51,1,0,1,2904,0.2904
세종,3.466666666666667,51,1,1,2,754,0.0754
세종,3.066666666666667,51,1,0,2,754,0.0754
경기,4.466666666666667,51,1,1,2,46581,4.6581
경기,3.4,51,1,1,2,46581,4.6581
경기,3.2666666666666666,51,1,1,2,46581,4.6581
경기,2.8,51,1,1,2,46581,4.6581
경기,3.6666666666666665,51,1,1,2,46581,4.6581
경기,3.4,51,1,1,2,46581,4.6581
경기,3.4,51,1,1,2,46581,4.6581
경기,4.6,51,1,1,3,46581,4.6581
서울,3.533333333333333,52,0,1,1,23251,2.3251
강원,3.0,52,0,1,2,3611,0.3611
강원,3.2,52,0,1,3,3611,0.3611
충남,3.0,52,0,1,3,8534,0.8534
충남,3.2,52,0,1,3,8534,0.8534
충남,3.3333333333333335,52,0,0,3,8534,0.8534
전북,2.7333333333333334,52,0,1,2,5218,0.5218
전북,3.2,52,0,1,3,5218,0.5218
전북,2.8,52,0,1,3,5218,0.5218
전북,3.8,52,0,1,3,5218,0.5218
전남,3.466666666666667,52,0,1,3,6055,0.6055
경북,3.0,52,0,1,2,7071,0.7071
경북,3.6,52,0,1,2,7071,0.7071
경남,3.6666666666666665,52,0,1,2,8711,0.8711
경남,3.8,52,0,1,2,8711,0.8711
경남,4.2,52,0,1,2,8711,0.8711
경남,3.7333333333333334,52,0,1,3,8711,0.8711
경남,2.933333333333333,52,0,1,3,8711,0.8711
경남,3.7333333333333334,52,0,0,3,8711,0.8711
제주,1.6666666666666667,52,0,1,3,2623,0.2623
부산,4.8,52,0,1,1,5998,0.5998
부산,4.266666666666667,52,0,1,1,5998,0.5998
부산,2.933333333333333,52,0,1,1,5998,0.5998
부산,3.2,52,0,1,1,5998,0.5998
부산,3.2666666666666666,52,0,1,1,5998,0.5998
부산,3.3333333333333335,52,0,0,1,5998,0.5998
대구,3.6,52,0,1,1,4737,0.4737
대구,3.2,52,0,1,1,4737,0.4737
인천,3.0,52,0,1,1,10645,1.0645
인천,3.8666666666666667,52,0,1,1,10645,1.0645
인천,3.2666666666666666,52,0,1,1,10645,1.0645
인천,3.4,52,0,1,1,10645,1.0645
인천,2.466666666666667,52,0,0,1,10645,1.0645
광주,2.933333333333333,52,0,1,1,3081,0.3081
광주,1.7333333333333334,52,0,1,1,3081,0.3081
대전,3.0,52,0,1,1,3012,0.3012
대전,3.066666666666667,52,0,1,1,3012,0.3012
대전,3.6,52,0,1,1,3012,0.3012
울산,4.6,52,0,1,1,2904,0.2904
세종,1.0,52,0,1,2,754,0.0754
경기,4.066666666666666,52,0,1,2,46581,4.6581
경기,2.8666666666666667,52,0,1,2,46581,4.6581
경기,2.7333333333333334,52,0,1,2,46581,4.6581
경기,3.533333333333333,52,0,1,2,46581,4.6581
경기,3.0,52,0,1,2,46581,4.6581
서울,3.6666666666666665,52,1,1,1,23251,2.3251
서울,3.2,52,1,1,1,23251,2.3251
서울,2.933333333333333,52,1,1,1,23251,2.3251
서울,2.6666666666666665,52,1,1,1,23251,2.3251
서울,3.7333333333333334,52,1,1,1,23251,2.3251
강원,2.6666666666666665,52,1,1,2,3611,0.3611
강원,3.0,52,1,1,2,3611,0.3611
강원,1.0,52,1,1,2,3611,0.3611
강원,3.533333333333333,52,1,0,2,3611,0.3611
강원,2.7333333333333334,52,1,1,3,3611,0.3611
충북,3.066666666666667,52,1,1,3,5059,0.5059
충북,2.466666666666667,52,1,1,3,5059,0.5059
충남,3.7333333333333334,52,1,1,2,8534,0.8534
충남,2.933333333333333,52,1,1,2,8534,0.8534
충남,4.0,52,1,1,2,8534,0.8534
충남,2.466666666666667,52,1,1,3,8534,0.8534
충남,3.6,52,1,1,3,8534,0.8534
충남,2.1333333333333333,52,1,0,3,8534,0.8534
전북,3.8,52,1,1,2,5218,0.5218
전남,3.3333333333333335,52,1,1,2,6055,0.6055
전남,3.2666666666666666,52,1,1,3,6055,0.6055
경북,3.6666666666666665,52,1,1,3,7071,0.7071
경북,2.8,52,1,1,3,7071,0.7071
경북,2.6,52,1,1,3,7071,0.7071
경북,2.6666666666666665,52,1,0,3,7071,0.7071
경남,2.466666666666667,52,1,1,2,8711,0.8711
경남,1.8,52,1,1,2,8711,0.8711
경남,3.4,52,1,1,2,8711,0.8711
경남,2.2666666666666666,52,1,1,2,8711,0.8711
경남,3.533333333333333,52,1,1,2,8711,0.8711
경남,3.1333333333333333,52,1,1,2,8711,0.8711
경남,3.4,52,1,0,2,8711,0.8711
경남,2.6666666666666665,52,1,1,3,8711,0.8711
제주,3.2,52,1,1,2,2623,0.2623
제주,4.333333333333333,52,1,1,3,2623,0.2623
부산,3.2,52,1,1,1,5998,0.5998
부산,3.0,52,1,1,1,5998,0.5998
부산,2.6666666666666665,52,1,1,1,5998,0.5998
부산,3.0,52,1,1,1,5998,0.5998
인천,1.8666666666666667,52,1,1,1,10645,1.0645
인천,3.466666666666667,52,1,1,1,10645,1.0645
인천,3.466666666666667,52,1,1,1,10645,1.0645
인천,3.1333333333333333,52,1,1,1,10645,1.0645
인천,1.8,52,1,0,1,10645,1.0645
광주,3.6,52,1,1,1,3081,0.3081
광주,4.266666666666667,52,1,1,1,3081,0.3081
광주,2.7333333333333334,52,1,1,1,3081,0.3081
대전,2.2666666666666666,52,1,1,1,3012,0.3012
대전,3.6,52,1,1,1,3012,0.3012
대전,3.533333333333333,52,1,0,1,3012,0.3012
울산,2.2666666666666666,52,1,1,1,2904,0.2904
울산,3.2666666666666666,52,1,1,1,2904,0.2904
울산,3.2,52,1,0,1,2904,0.2904
세종,3.0,52,1,1,2,754,0.0754
경기,3.0,52,1,1,2,46581,4.6581
경기,3.0,52,1,1,2,46581,4.6581
경기,3.533333333333333,52,1,1,2,46581,4.6581
경기,2.2666666666666666,52,1,1,2,46581,4.6581
경기,2.533333333333333,52,1,1,2,46581,4.6581
경기,2.7333333333333334,52,1,1,2,46581,4.6581
경기,2.7333333333333334,52,1,1,2,46581,4.6581
경기,3.2666666666666666,52,1,1,2,46581,4.6581
경기,3.3333333333333335,52,1,1,2,46581,4.6581
경기,2.8,52,1,1,2,46581,4.6581
경기,2.8666666666666667,52,1,1,2,46581,4.6581
경기,4.933333333333334,52,1,1,2,46581,4.6581
경기,2.933333333333333,52,1,0,2,46581,4.6581
경기,3.1333333333333333,52,1,0,2,46581,4.6581
경기,3.8,52,1,1,3,46581,4.6581
경기,3.4,52,1,1,3,46581,4.6581
경기,3.2,52,1,1,3,46581,4.6581
경기,2.0,52,1,1,3,46581,4.6581
서울,3.933333333333333,53,0,1,1,23251,2.3251
서울,3.066666666666667,53,0,1,1,23251,2.3251
서울,3.2,53,0,1,1,23251,2.3251
서울,4.133333333333334,53,0,1,1,23251,2.3251
서울,2.6,53,0,1,1,23251,2.3251
서울,3.1333333333333333,53,0,1,1,23251,2.3251
서울,3.6666666666666665,53,0,1,1,23251,2.3251
강원,2.1333333333333333,53,0,1,2,3611,0.3611
강원,3.466666666666667,53,0,1,3,3611,0.3611
충북,3.066666666666667,53,0,1,2,5059,0.5059
충북,3.466666666666667,53,0,1,2,5059,0.5059
충북,2.6666666666666665,53,0,1,2,5059,0.5059
충북,2.6,53,0,1,3,5059,0.5059
전북,4.266666666666667,53,0,1,3,5218,0.5218
전북,3.8666666666666667,53,0,1,3,5218,0.5218
전남,3.4,53,0,1,2,6055,0.6055
경북,3.4,53,0,1,2,7071,0.7071
경북,3.8666666666666667,53,0,0,2,7071,0.7071
경북,3.8,53,0,1,3,7071,0.7071
경남,3.2666666666666666,53,0,1,2,8711,0.8711
경남,3.1333333333333333,53,0,1,2,8711,0.8711
경남,3.3333333333333335,53,0,1,3,8711,0.8711
제주,3.0,53,0,1,2,2623,0.2623
제주,4.4,53,0,0,2,2623,0.2623
부산,4.2,53,0,1,1,5998,0.5998
부산,2.066666666666667,53,0,1,1,5998,0.5998
부산,3.4,53,0,1,1,5998,0.5998
부산,2.2,53,0,0,1,5998,0.5998
인천,3.2666666666666666,53,0,1,1,10645,1.0645
인천,3.2666666666666666,53,0,1,1,10645,1.0645
인천,3.6666666666666665,53,0,1,1,10645,1.0645
광주,1.6,53,0,1,1,3081,0.3081
광주,4.866666666666666,53,0,1,1,3081,0.3081
울산,3.4,53,0,1,1,2904,0.2904
울산,4.0,53,0,1,1,2904,0.2904
울산,4.266666666666667,53,0,1,1,2904,0.2904
세종,3.6666666666666665,53,0,1,2,754,0.0754
세종,1.9333333333333333,53,0,1,3,754,0.0754
세종,4.533333333333333,53,0,0,3,754,0.0754
경기,3.466666666666667,53,0,1,2,46581,4.6581
경기,5.133333333333334,53,0,1,2,46581,4.6581
경기,2.7333333333333334,53,0,1,2,46581,4.6581
경기,3.1333333333333333,53,0,1,2,46581,4.6581
서울,3.0,53,1,1,1,23251,2.3251
서울,3.533333333333333,53,1,1,1,23251,2.3251
서울,3.6,53,1,1,1,23251,2.3251
서울,3.066666666666667,53,1,1,1,23251,2.3251
서울,1.6666666666666667,53,1,1,1,23251,2.3251
서울,3.066666666666667,53,1,1,1,23251,2.3251
서울,1.8666666666666667,53,1,1,1,23251,2.3251
서울,2.6666666666666665,53,1,1,1,23251,2.3251
서울,2.466666666666667,53,1,1,1,23251,2.3251
서울,2.466666666666667,53,1,1,1,23251,2.3251
강원,3.066666666666667,53,1,1,2,3611,0.3611
강원,2.8666666666666667,53,1,1,2,3611,0.3611
강원,3.4,53,1,1,3,3611,0.3611
강원,1.9333333333333333,53,1,1,3,3611,0.3611
충북,4.133333333333334,53,1,1,2,5059,0.5059
충북,2.0,53,1,1,2,5059,0.5059
충북,4.6,53,1,1,2,5059,0.5059
충북,3.466666666666667,53,1,1,2,5059,0.5059
충남,4.2,53,1,1,2,8534,0.8534
전북,2.4,53,1,1,3,5218,0.5218
전남,2.8666666666666667,53,1,1,2,6055,0.6055
전남,4.066666666666666,53,1,0,2,6055,0.6055
전남,4.666666666666667,53,1,0,3,6055,0.6055
경북,4.133333333333334,53,1,1,2,7071,0.7071
경북,2.4,53,1,1,2,7071,0.7071
경북,3.7333333333333334,53,1,1,2,7071,0.7071
경북,4.4,53,1,1,3,7071,0.7071
경북,3.2666666666666666,53,1,1,3,7071,0.7071
경북,4.066666666666666,53,1,1,3,7071,0.7071
경북,3.066666666666667,53,1,0,3,7071,0.7071
경남,2.7333333333333334,53,1,1,2,8711,0.8711
경남,3.1333333333333333,53,1,1,2,8711,0.8711
경남,3.8,53,1,1,2,8711,0.8711
경남,2.533333333333333,53,1,1,2,8711,0.8711
경남,3.4,53,1,1,2,8711,0.8711
경남,3.533333333333333,53,1,1,3,8711,0.8711
제주,3.3333333333333335,53,1,1,2,2623,0.2623
제주,3.6666666666666665,53,1,1,2,2623,0.2623
제주,4.866666666666666,53,1,0,2,2623,0.2623
제주,2.533333333333333,53,1,1,3,2623,0.2623
제주,4.8,53,1,0,3,2623,0.2623
부산,2.8666666666666667,53,1,1,1,5998,0.5998
부산,2.4,53,1,1,1,5998,0.5998
부산,3.2,53,1,1,1,5998,0.5998
부산,2.466666666666667,53,1,1,1,5998,0.5998
부산,1.4,53,1,1,1,5998,0.5998
대구,2.7333333333333334,53,1,1,1,4737,0.4737
대구,2.933333333333333,53,1,1,1,4737,0.4737
대구,3.2666666666666666,53,1,1,1,4737,0.4737
대구,4.066666666666666,53,1,1,1,4737,0.4737
대구,3.4,53,1,1,1,4737,0.4737
인천,2.3333333333333335,53,1,1,1,10645,1.0645
인천,3.466666666666667,53,1,1,1,10645,1.0645
인천,3.6666666666666665,53,1,1,1,10645,1.0645
인천,3.533333333333333,53,1,1,1,10645,1.0645
인천,3.2666666666666666,53,1,1,1,10645,1.0645
인천,3.2666666666666666,53,1,1,1,10645,1.0645
인천,2.933333333333333,53,1,1,1,10645,1.0645
인천,3.2666666666666666,53,1,1,1,10645,1.0645
인천,3.2666666666666666,53,1,1,1,10645,1.0645
인천,2.7333333333333334,53,1,1,1,10645,1.0645
인천,1.6666666666666667,53,1,0,1,10645,1.0645
광주,3.2,53,1,1,1,3081,0.3081
광주,3.1333333333333333,53,1,1,1,3081,0.3081
광주,2.933333333333333,53,1,1,1,3081,0.3081
광주,2.7333333333333334,53,1,0,1,3081,0.3081
대전,3.8,53,1,1,1,3012,0.3012
대전,3.933333333333333,53,1,1,1,3012,0.3012
대전,3.6,53,1,1,1,3012,0.3012
대전,1.5333333333333334,53,1,1,1,3012,0.3012
울산,3.066666666666667,53,1,1,1,2904,0.2904
울산,2.533333333333333,53,1,1,1,2904,0.2904
세종,3.8666666666666667,53,1,0,2,754,0.0754
경기,2.8,53,1,1,2,46581,4.6581
경기,3.1333333333333333,53,1,1,2,46581,4.6581
경기,3.1333333333333333,53,1,1,2,46581,4.6581
경기,3.2666666666666666,53,1,1,2,46581,4.6581
경기,3.4,53,1,1,2,46581,4.6581
경기,3.1333333333333333,53,1,1,2,46581,4.6581
경기,3.8666666666666667,53,1,1,2,46581,4.6581
경기,3.0,53,1,1,2,46581,4.6581
경기,3.1333333333333333,53,1,1,3,46581,4.6581
서울,2.8666666666666667,54,0,1,1,23251,2.3251
서울,3.0,54,0,1,1,23251,2.3251
서울,2.933333333333333,54,0,1,1,23251,2.3251
서울,3.1333333333333333,54,0,1,1,23251,2.3251
서울,2.2666666666666666,54,0,1,1,23251,2.3251
서울,3.1333333333333333,54,0,1,1,23251,2.3251
강원,4.4,54,0,1,3,3611,0.3611
충북,2.533333333333333,54,0,1,2,5059,0.5059
충북,3.7333333333333334,54,0,1,2,5059,0.5059
충남,2.6,54,0,1,2,8534,0.8534
충남,2.2666666666666666,54,0,0,2,8534,0.8534
충남,2.533333333333333,54,0,1,3,8534,0.8534
충남,2.533333333333333,54,0,1,3,8534,0.8534
전남,2.466666666666667,54,0,1,3,6055,0.6055
경북,3.2666666666666666,54,0,1,2,7071,0.7071
경북,3.6666666666666665,54,0,1,2,7071,0.7071
경북,3.0,54,0,1,3,7071,0.7071
경북,3.933333333333333,54,0,1,3,7071,0.7071
경남,4.466666666666667,54,0,1,2,8711,0.8711
경남,2.2,54,0,1,2,8711,0.8711
경남,2.533333333333333,54,0,1,2,8711,0.8711
경남,2.6,54,0,1,2,8711,0.8711
경남,2.8,54,0,1,2,8711,0.8711
경남,3.466666666666667,54,0,1,3,8711,0.8711
제주,4.0,54,0,1,2,2623,0.2623
제주,4.933333333333334,54,0,0,2,2623,0.2623
제주,4.0,54,0,0,2,2623,0.2623
제주,4.4,54,0,1,3,2623,0.2623
제주,4.133333333333334,54,0,0,3,2623,0.2623
부산,2.8666666666666667,54,0,1,1,5998,0.5998
부산,2.6,54,0,1,1,5998,0.5998
부산,3.466666666666667,54,0,1,1,5998,0.5998
부산,3.1333333333333333,54,0,1,1,5998,0.5998
부산,3.533333333333333,54,0,1,1,5998,0.5998
대구,2.8,54,0,1,1,4737,0.4737
대구,3.6,54,0,1,1,4737,0.4737
인천,2.933333333333333,54,0,1,1,10645,1.0645
인천,3.0,54,0,1,1,10645,1.0645
인천,3.533333333333333,54,0,1,1,10645,1.0645
광주,3.6,54,0,1,1,3081,0.3081
대전,2.4,54,0,1,1,3012,0.3012
대전,3.066666666666667,54,0,1,1,3012,0.3012
울산,4.2,54,0,1,1,2904,0.2904
경기,2.6666666666666665,54,0,1,2,46581,4.6581
경기,3.533333333333333,54,0,1,2,46581,4.6581
경기,4.0,54,0,1,2,46581,4.6581
경기,2.8,54,0,1,2,46581,4.6581
경기,3.6666666666666665,54,0,1,2,46581,4.6581
경기,3.2,54,0,1,2,46581,4.6581
경기,3.3333333333333335,54,0,1,2,46581,4.6581
경기,3.533333333333333,54,0,1,2,46581,4.6581
경기,4.533333333333333,54,0,1,2,46581,4.6581
경기,3.6666666666666665,54,0,1,2,46581,4.6581
경기,3.466666666666667,54,0,1,2,46581,4.6581
경기,3.466666666666667,54,0,1,2,46581,4.6581
경기,3.466666666666667,54,0,1,3,46581,4.6581
경기,3.1333333333333333,54,0,1,3,46581,4.6581
경기,3.2,54,0,1,3,46581,4.6581
경기,3.533333333333333,54,0,1,3,46581,4.6581
경기,3.533333333333333,54,0,1,3,46581,4.6581
경기,4.333333333333333,54,0,1,3,46581,4.6581
서울,3.7333333333333334,54,1,1,1,23251,2.3251
서울,3.1333333333333333,54,1,1,1,23251,2.3251
서울,3.3333333333333335,54,1,1,1,23251,2.3251
서울,3.0,54,1,1,1,23251,2.3251
서울,3.3333333333333335,54,1,1,1,23251,2.3251
서울,3.8,54,1,1,1,23251,2.3251
서울,3.4,54,1,1,1,23251,2.3251
서울,2.3333333333333335,54,1,1,1,23251,2.3251
서울,2.4,54,1,1,1,23251,2.3251
서울,3.2,54,1,1,1,23251,2.3251
강원,2.533333333333333,54,1,1,2,3611,0.3611
강원,3.066666666666667,54,1,1,2,3611,0.3611
강원,3.3333333333333335,54,1,0,2,3611,0.3611
충북,2.066666666666667,54,1,1,2,5059,0.5059
충북,2.8666666666666667,54,1,1,2,5059,0.5059
충북,2.8666666666666667,54,1,1,2,5059,0.5059
충남,2.7333333333333334,54,1,1,2,8534,0.8534
충남,3.3333333333333335,54,1,0,3,8534,0.8534
전북,3.4,54,1,1,2,5218,0.5218
전북,3.1333333333333333,54,1,1,2,5218,0.5218
전북,3.1333333333333333,54,1,1,2,5218,0.5218
전북,4.2,54,1,1,2,5218,0.5218
전북,3.066666666666667,54,1,1,2,5218,0.5218
전북,3.4,54,1,1,3,5218,0.5218
전북,2.466666666666667,54,1,1,3,5218,0.5218
전남,3.6666666666666665,54,1,1,2,6055,0.6055
전남,2.933333333333333,54,1,1,3,6055,0.6055
전남,2.8666666666666667,54,1,1,3,6055,0.6055
경북,5.0,54,1,1,2,7071,0.7071
경북,4.0,54,1,1,3,7071,0.7071
경남,3.1333333333333333,54,1,1,2,8711,0.8711
경남,2.6666666666666665,54,1,1,2,8711,0.8711
경남,3.6,54,1,1,2,8711,0.8711
경남,3.2,54,1,1,2,8711,0.8711
경남,2.066666666666667,54,1,1,2,8711,0.8711
경남,3.8,54,1,1,2,8711,0.8711
경남,2.2,54,1,1,3,8711,0.8711
경남,3.6666666666666665,54,1,1,3,8711,0.8711
경남,4.133333333333334,54,1,1,3,8711,0.8711
제주,2.533333333333333,54,1,1,2,2623,0.2623
부산,2.8,54,1,1,1,5998,0.5998
부산,3.2666666666666666,54,1,1,1,5998,0.5998
부산,4.2,54,1,1,1,5998,0.5998
부산,3.3333333333333335,54,1,1,1,5998,0.5998
부산,3.2666666666666666,54,1,1,1,5998,0.5998
부산,2.8666666666666667,54,1,1,1,5998,0.5998
부산,3.0,54,1,1,1,5998,0.5998
부산,3.4,54,1,1,1,5998,0.5998
부산,3.3333333333333335,54,1,1,1,5998,0.5998
대구,3.533333333333333,54,1,1,1,4737,0.4737
대구,3.466666666666667,54,1,1,1,4737,0.4737
대구,3.0,54,1,1,1,4737,0.4737
대구,3.933333333333333,54,1,1,1,4737,0.4737
인천,3.6666666666666665,54,1,1,1,10645,1.0645
인천,2.6666666666666665,54,1,1,1,10645,1.0645
인천,3.466666666666667,54,1,1,1,10645,1.0645
인천,2.8666666666666667,54,1,1,1,10645,1.0645
인천,3.2666666666666666,54,1,1,1,10645,1.0645
인천,2.933333333333333,54,1,1,1,10645,1.0645
인천,3.6,54,1,0,1,10645,1.0645
광주,4.066666666666666,54,1,1,1,3081,0.3081
대전,3.1333333333333333,54,1,1,1,3012,0.3012
대전,2.6,54,1,1,1,3012,0.3012
울산,2.933333333333333,54,1,1,1,2904,0.2904
울산,3.6666666666666665,54,1,1,1,2904,0.2904
울산,3.533333333333333,54,1,1,1,2904,0.2904
울산,3.2,54,1,1,1,2904,0.2904
울산,4.333333333333333,54,1,1,1,2904,0.2904
경기,3.533333333333333,54,1,1,2,46581,4.6581
경기,2.7333333333333334,54,1,1,2,46581,4.6581
경기,2.8,54,1,1,2,46581,4.6581
경기,3.533333333333333,54,1,1,2,46581,4.6581
경기,3.3333333333333335,54,1,1,2,46581,4.6581
서울,2.6666666666666665,55,0,1,1,23251,2.3251
서울,2.7333333333333334,55,0,1,1,23251,2.3251
서울,3.8666666666666667,55,0,1,1,23251,2.3251
서울,4.066666666666666,55,0,1,1,23251,2.3251
서울,3.3333333333333335,55,0,1,1,23251,2.3251
서울,3.4,55,0,1,1,23251,2.3251
서울,3.4,55,0,1,1,23251,2.3251
서울,4.266666666666667,55,0,1,1,23251,2.3251
서울,3.3333333333333335,55,0,1,1,23251,2.3251
서울,3.0,55,0,1,1,23251,2.3251
강원,2.7333333333333334,55,0,1,3,3611,0.3611
강원,3.533333333333333,55,0,1,3,3611,0.3611
강원,3.533333333333333,55,0,1,3,3611,0.3611
강원,3.2666666666666666,55,0,1,3,3611,0.3611
충북,2.933333333333333,55,0,1,2,5059,0.5059
충북,4.133333333333334,55,0,1,3,5059,0.5059
충북,3.1333333333333333,55,0,1,3,5059,0.5059
충북,4.4,55,0,1,3,5059,0.5059
충남,1.9333333333333333,55,0,0,2,8534,0.8534
충남,2.8666666666666667,55,0,1,3,8534,0.8534
충남,2.3333333333333335,55,0,1,3,8534,0.8534
충남,2.6666666666666665,55,0,1,3,8534,0.8534
전북,4.2,55,0,1,2,5218,0.5218
전남,2.8,55,0,1,2,6055,0.6055
전남,3.3333333333333335,55,0,1,2,6055,0.6055
전남,2.933333333333333,55,0,1,2,6055,0.6055
전남,3.466666666666667,55,0,0,3,6055,0.6055
경북,2.7333333333333334,55,0,1,2,7071,0.7071
경북,3.2,55,0,1,3,7071,0.7071
경북,3.2,55,0,1,3,7071,0.7071
경북,3.8666666666666667,55,0,1,3,7071,0.7071
경남,3.8,55,0,1,2,8711,0.8711
경남,4.4,55,0,1,2,8711,0.8711
경남,3.6,55,0,1,2,8711,0.8711
경남,3.466666666666667,55,0,1,3,8711,0.8711
제주,2.933333333333333,55,0,1,2,2623,0.2623
제주,3.533333333333333,55,0,0,2,2623,0.2623
제주,4.2,55,0,0,2,2623,0.2623
부산,3.2666666666666666,55,0,1,1,5998,0.5998
부산,3.2,55,0,1,1,5998,0.5998
부산,3.1333333333333333,55,0,1,1,5998,0.5998
대구,3.3333333333333335,55,0,1,1,4737,0.4737
대구,2.6,55,0,1,1,4737,0.4737
인천,3.7333333333333334,55,0,1,1,10645,1.0645
인천,2.8,55,0,1,1,10645,1.0645
광주,2.6666666666666665,55,0,1,1,3081,0.3081
광주,3.933333333333333,55,0,1,1,3081,0.3081
대전,3.3333333333333335,55,0,1,1,3012,0.3012
대전,3.533333333333333,55,0,1,1,3012,0.3012
대전,3.466666666666667,55,0,1,1,3012,0.3012
울산,2.466666666666667,55,0,1,1,2904,0.2904
세종,3.066666666666667,55,0,1,2,754,0.0754
세종,3.066666666666667,55,0,0,2,754,0.0754
경기,3.1333333333333333,55,0,1,2,46581,4.6581
경기,2.8,55,0,1,2,46581,4.6581
경기,3.466666666666667,55,0,1,2,46581,4.6581
경기,3.4,55,0,1,2,46581,4.6581
경기,3.2666666666666666,55,0,1,2,46581,4.6581
경기,2.8666666666666667,55,0,1,2,46581,4.6581
경기,3.4,55,0,1,2,46581,4.6581
경기,3.3333333333333335,55,0,1,2,46581,4.6581
경기,4.6,55,0,1,2,46581,4.6581
경기,4.0,55,0,0,2,46581,4.6581
경기,3.066666666666667,55,0,1,3,46581,4.6581
서울,3.6666666666666665,55,1,1,1,23251,2.3251
서울,3.4,55,1,1,1,23251,2.3251
서울,3.6,55,1,1,1,23251,2.3251
서울,3.8,55,1,1,1,23251,2.3251
서울,3.066666666666667,55,1,1,1,23251,2.3251
서울,3.2,55,1,1,1,23251,2.3251
서울,2.933333333333333,55,1,1,1,23251,2.3251
서울,3.1333333333333333,55,1,1,1,23251,2.3251
서울,3.066666666666667,55,1,1,1,23251,2.3251
서울,3.2,55,1,1,1,23251,2.3251
서울,3.1333333333333333,55,1,1,1,23251,2.3251
강원,3.1333333333333333,55,1,1,2,3611,0.3611
충북,2.2,55,1,1,2,5059,0.5059
충북,1.9333333333333333,55,1,1,3,5059,0.5059
충북,3.3333333333333335,55,1,1,3,5059,0.5059
충남,3.6666666666666665,55,1,1,2,8534,0.8534
충남,3.4,55,1,1,2,8534,0.8534
전북,2.8,55,1,1,2,5218,0.5218
전북,2.6666666666666665,55,1,1,2,5218,0.5218
전북,3.6,55,1,1,3,5218,0.5218
전남,2.8,55,1,1,2,6055,0.6055
전남,3.3333333333333335,55,1,0,2,6055,0.6055
전남,3.466666666666667,55,1,1,3,6055,0.6055
전남,3.2,55,1,1,3,6055,0.6055
전남,2.6666666666666665,55,1,1,3,6055,0.6055
경북,2.466666666666667,55,1,1,2,7071,0.7071
경북,2.0,55,1,1,2,7071,0.7071
경북,1.3333333333333333,55,1,1,2,7071,0.7071
경북,3.4,55,1,1,2,7071,0.7071
경북,3.7333333333333334,55,1,1,2,7071,0.7071
경북,2.6666666666666665,55,1,0,2,7071,0.7071
경북,3.6666666666666665,55,1,1,3,7071,0.7071
경남,2.466666666666667,55,1,1,2,8711,0.8711
경남,3.4,55,1,1,2,8711,0.8711
경남,3.8,55,1,1,2,8711,0.8711
경남,3.6666666666666665,55,1,1,3,8711,0.8711
경남,3.066666666666667,55,1,1,3,8711,0.8711
경남,3.8666666666666667,55,1,1,3,8711,0.8711
제주,2.8666666666666667,55,1,1,2,2623,0.2623
제주,4.066666666666666,55,1,1,2,2623,0.2623
제주,3.4,55,1,1,2,2623,0.2623
제주,2.533333333333333,55,1,0,2,2623,0.2623
제주,1.8666666666666667,55,1,1,3,2623,0.2623
부산,2.6666666666666665,55,1,1,1,5998,0.5998
부산,3.8666666666666667,55,1,1,1,5998,0.5998
부산,1.0,55,1,1,1,5998,0.5998
부산,2.8666666666666667,55,1,1,1,5998,0.5998
부산,3.466666666666667,55,1,1,1,5998,0.5998
부산,2.8,55,1,1,1,5998,0.5998
부산,3.066666666666667,55,1,1,1,5998,0.5998
부산,4.4,55,1,1,1,5998,0.5998
대구,4.133333333333334,55,1,1,1,4737,0.4737
대구,3.2666666666666666,55,1,1,1,4737,0.4737
대구,3.2666666666666666,55,1,1,1,4737,0.4737
대구,3.1333333333333333,55,1,1,1,4737,0.4737
대구,3.6,55,1,1,1,4737,0.4737
대구,2.6666666666666665,55,1,0,1,4737,0.4737
인천,2.6666666666666665,55,1,1,1,10645,1.0645
인천,3.533333333333333,55,1,1,1,10645,1.0645
인천,2.933333333333333,55,1,1,1,10645,1.0645
인천,3.7333333333333334,55,1,1,1,10645,1.0645
인천,3.0,55,1,1,1,10645,1.0645
인천,3.1333333333333333,55,1,1,1,10645,1.0645
광주,3.0,55,1,1,1,3081,0.3081
광주,3.0,55,1,1,1,3081,0.3081
광주,2.2666666666666666,55,1,1,1,3081,0.3081
광주,3.533333333333333,55,1,1,1,3081,0.3081
광주,1.8666666666666667,55,1,1,1,3081,0.3081
광주,2.8,55,1,1,1,3081,0.3081
광주,2.7333333333333334,55,1,1,1,3081,0.3081
광주,3.533333333333333,55,1,1,1,3081,0.3081
광주,2.6666666666666665,55,1,1,1,3081,0.3081
광주,2.2666666666666666,55,1,0,1,3081,0.3081
광주,2.8,55,1,0,1,3081,0.3081
광주,3.0,55,1,0,1,3081,0.3081
대전,3.533333333333333,55,1,1,1,3012,0.3012
대전,3.533333333333333,55,1,1,1,3012,0.3012
대전,3.7333333333333334,55,1,1,1,3012,0.3012
울산,3.8666666666666667,55,1,1,1,2904,0.2904
울산,2.7333333333333334,55,1,1,1,2904,0.2904
울산,5.066666666666666,55,1,1,1,2904,0.2904
울산,3.1333333333333333,55,1,1,1,2904,0.2904
울산,4.266666666666667,55,1,1,1,2904,0.2904
경기,4.066666666666666,55,1,1,2,46581,4.6581
경기,3.4,55,1,1,2,46581,4.6581
경기,3.6666666666666665,55,1,1,2,46581,4.6581
경기,3.2,55,1,1,2,46581,4.6581
경기,3.2,55,1,1,2,46581,4.6581
경기,3.4,55,1,1,2,46581,4.6581
경기,3.4,55,1,1,2,46581,4.6581
경기,2.8666666666666667,55,1,1,3,46581,4.6581
서울,3.466666666666667,56,0,1,1,23251,2.3251
서울,3.3333333333333335,56,0,1,1,23251,2.3251
서울,2.6666666666666665,56,0,1,1,23251,2.3251
서울,3.1333333333333333,56,0,1,1,23251,2.3251
서울,3.3333333333333335,56,0,1,1,23251,2.3251
서울,2.533333333333333,56,0,1,1,23251,2.3251
강원,3.0,56,0,1,2,3611,0.3611
강원,3.933333333333333,56,0,1,2,3611,0.3611
충북,2.2666666666666666,56,0,1,2,5059,0.5059
충북,3.3333333333333335,56,0,1,2,5059,0.5059
충북,3.066666666666667,56,0,0,3,5059,0.5059
충남,2.533333333333333,56,0,1,2,8534,0.8534
충남,3.3333333333333335,56,0,0,3,8534,0.8534
전남,4.333333333333333,56,0,0,3,6055,0.6055
경북,3.533333333333333,56,0,1,2,7071,0.7071
경북,2.0,56,0,1,2,7071,0.7071
경남,2.533333333333333,56,0,1,2,8711,0.8711
경남,3.066666666666667,56,0,1,2,8711,0.8711
제주,3.3333333333333335,56,0,1,2,2623,0.2623
부산,4.733333333333333,56,0,1,1,5998,0.5998
부산,2.7333333333333334,56,0,1,1,5998,0.5998
부산,3.466666666666667,56,0,1,1,5998,0.5998
부산,4.0,56,0,1,1,5998,0.5998
대구,4.066666666666666,56,0,1,1,4737,0.4737
대구,3.6,56,0,1,1,4737,0.4737
대구,3.6666666666666665,56,0,1,1,4737,0.4737
인천,3.7333333333333334,56,0,1,1,10645,1.0645
인천,2.3333333333333335,56,0,1,1,10645,1.0645
광주,4.466666666666667,56,0,1,1,3081,0.3081
광주,3.0,56,0,1,1,3081,0.3081
대전,3.533333333333333,56,0,1,1,3012,0.3012
대전,3.4,56,0,1,1,3012,0.3012
대전,3.466666666666667,56,0,1,1,3012,0.3012
대전,3.6666666666666665,56,0,0,1,3012,0.3012
대전,3.8,56,0,0,1,3012,0.3012
울산,2.066666666666667,56,0,1,1,2904,0.2904
세종,2.8666666666666667,56,0,1,3,754,0.0754
경기,4.133333333333334,56,0,1,2,46581,4.6581
경기,3.533333333333333,56,0,1,2,46581,4.6581
경기,4.0,56,0,1,2,46581,4.6581
경기,2.933333333333333,56,0,1,2,46581,4.6581
경기,3.2666666666666666,56,0,1,2,46581,4.6581
경기,3.066666666666667,56,0,1,2,46581,4.6581
경기,2.8,56,0,1,2,46581,4.6581
서울,3.466666666666667,56,1,1,1,23251,2.3251
서울,3.1333333333333333,56,1,1,1,23251,2.3251
강원,2.066666666666667,56,1,1,2,3611,0.3611
강원,3.4,56,1,1,2,3611,0.3611
강원,2.8666666666666667,56,1,1,2,3611,0.3611
강원,3.3333333333333335,56,1,1,2,3611,0.3611
강원,1.4,56,1,1,2,3611,0.3611
강원,3.4,56,1,1,2,3611,0.3611
강원,2.533333333333333,56,1,1,3,3611,0.3611
강원,2.466666666666667,56,1,1,3,3611,0.3611
충북,2.466666666666667,56,1,1,2,5059,0.5059
충북,2.0,56,1,1,2,5059,0.5059
충북,2.7333333333333334,56,1,1,2,5059,0.5059
충북,2.4,56,1,1,2,5059,0.5059
충북,2.0,56,1,1,3,5059,0.5059
충북,2.066666666666667,56,1,1,3,5059,0.5059
충북,3.2666666666666666,56,1,1,3,5059,0.5059
충남,2.6666666666666665,56,1,1,2,8534,0.8534
충남,2.6,56,1,1,2,8534,0.8534
충남,2.7333333333333334,56,1,1,2,8534,0.8534
충남,2.8,56,1,1,3,8534,0.8534
전북,3.0,56,1,1,2,5218,0.5218
전북,2.933333333333333,56,1,1,2,5218,0.5218
전북,3.533333333333333,56,1,1,2,5218,0.5218
전북,3.4,56,1,1,2,5218,0.5218
전남,2.8666666666666667,56,1,1,2,6055,0.6055
경북,2.6,56,1,1,2,7071,0.7071
경북,3.466666666666667,56,1,1,2,7071,0.7071
경북,4.4,56,1,1,2,7071,0.7071
경북,3.066666666666667,56,1,1,2,7071,0.7071
경북,3.533333333333333,56,1,1,2,7071,0.7071
경북,2.6666666666666665,56,1,1,2,7071,0.7071
경북,2.3333333333333335,56,1,0,2,7071,0.7071
경북,3.1333333333333333,56,1,1,3,7071,0.7071
경북,3.2,56,1,1,3,7071,0.7071
경북,3.8666666666666667,56,1,1,3,7071,0.7071
경북,3.066666666666667,56,1,0,3,7071,0.7071
경남,3.2,56,1,1,2,8711,0.8711
경남,4.333333333333333,56,1,1,2,8711,0.8711
경남,3.7333333333333334,56,1,1,2,8711,0.8711
경남,3.1333333333333333,56,1,1,2,8711,0.8711
경남,3.066666666666667,56,1,1,2,8711,0.8711
경남,3.466666666666667,56,1,1,2,8711,0.8711
경남,3.6,56,1,1,2,8711,0.8711
경남,3.6,56,1,1,3,8711,0.8711
제주,4.6,56,1,1,2,2623,0.2623
부산,3.466666666666667,56,1,1,1,5998,0.5998
부산,3.0,56,1,1,1,5998,0.5998
부산,3.066666666666667,56,1,1,1,5998,0.5998
부산,2.8666666666666667,56,1,1,1,5998,0.5998
부산,3.533333333333333,56,1,1,1,5998,0.5998
부산,3.466666666666667,56,1,1,1,5998,0.5998
대구,3.2,56,1,1,1,4737,0.4737
대구,3.2,56,1,1,1,4737,0.4737
대구,3.0,56,1,1,1,4737,0.4737
대구,3.066666666666667,56,1,1,1,4737,0.4737
대구,2.6,56,1,1,1,4737,0.4737
대구,3.0,56,1,1,1,4737,0.4737
대구,3.2666666666666666,56,1,1,1,4737,0.4737
인천,3.6666666666666665,56,1,1,1,10645,1.0645
인천,1.6,56,1,0,1,10645,1.0645
광주,3.3333333333333335,56,1,1,1,3081,0.3081
대전,3.2,56,1,1,1,3012,0.3012
대전,2.4,56,1,1,1,3012,0.3012
대전,3.6,56,1,1,1,3012,0.3012
대전,2.7333333333333334,56,1,1,1,3012,0.3012
대전,3.3333333333333335,56,1,1,1,3012,0.3012
울산,4.133333333333334,56,1,1,1,2904,0.2904
울산,2.066666666666667,56,1,1,1,2904,0.2904
세종,3.533333333333333,56,1,1,2,754,0.0754
경기,3.8,56,1,1,2,46581,4.6581
경기,3.6,56,1,1,2,46581,4.6581
경기,3.2666666666666666,56,1,1,2,46581,4.6581
경기,3.3333333333333335,56,1,1,2,46581,4.6581
경기,3.6,56,1,1,2,46581,4.6581
경기,3.2666666666666666,56,1,1,2,46581,4.6581
경기,3.466666666666667,56,1,1,2,46581,4.6581
경기,3.8666666666666667,56,1,0,2,46581,4.6581
경기,3.4,56,1,1,3,46581,4.6581
경기,3.4,56,1,1,3,46581,4.6581
경기,3.466666666666667,56,1,1,3,46581,4.6581
서울,3.3333333333333335,57,0,1,1,23251,2.3251
서울,4.066666666666666,57,0,1,1,23251,2.3251
서울,2.8,57,0,1,1,23251,2.3251
서울,3.8666666666666667,57,0,1,1,23251,2.3251
서울,3.3333333333333335,57,0,1,1,23251,2.3251
서울,3.2666666666666666,57,0,1,1,23251,2.3251
충북,3.066666666666667,57,0,1,2,5059,0.5059
충북,3.066666666666667,57,0,0,3,5059,0.5059
충남,3.6,57,0,1,2,8534,0.8534
충남,3.8666666666666667,57,0,1,3,8534,0.8534
충남,2.466666666666667,57,0,1,3,8534,0.8534
충남,2.533333333333333,57,0,1,3,8534,0.8534
전북,2.8,57,0,1,2,5218,0.5218
전북,3.1333333333333333,57,0,1,3,5218,0.5218
전남,3.2,57,0,1,2,6055,0.6055
경남,2.533333333333333,57,0,1,2,8711,0.8711
경남,3.933333333333333,57,0,1,2,8711,0.8711
경남,2.6,57,0,1,2,8711,0.8711
경남,3.6,57,0,1,2,8711,0.8711
경남,3.2,57,0,1,2,8711,0.8711
경남,3.533333333333333,57,0,1,3,8711,0.8711
부산,3.1333333333333333,57,0,1,1,5998,0.5998
대구,3.3333333333333335,57,0,1,1,4737,0.4737
대구,3.2666666666666666,57,0,1,1,4737,0.4737
대구,3.066666666666667,57,0,1,1,4737,0.4737
대구,2.8,57,0,1,1,4737,0.4737
인천,4.733333333333333,57,0,1,1,10645,1.0645
인천,2.4,57,0,1,1,10645,1.0645
인천,2.6,57,0,1,1,10645,1.0645
인천,2.066666666666667,57,0,1,1,10645,1.0645
인천,2.533333333333333,57,0,1,1,10645,1.0645
광주,4.466666666666667,57,0,1,1,3081,0.3081
울산,2.933333333333333,57,0,1,1,2904,0.2904
울산,2.933333333333333,57,0,1,1,2904,0.2904
경기,3.6666666666666665,57,0,1,2,46581,4.6581
경기,4.0,57,0,1,2,46581,4.6581
경기,3.0,57,0,1,2,46581,4.6581
경기,4.066666666666666,57,0,1,2,46581,4.6581
경기,4.133333333333334,57,0,1,2,46581,4.6581
경기,3.0,57,0,1,2,46581,4.6581
경기,3.466666666666667,57,0,1,2,46581,4.6581
경기,3.7333333333333334,57,0,1,2,46581,4.6581
경기,3.6,57,0,0,3,46581,4.6581
서울,3.933333333333333,57,1,1,1,23251,2.3251
서울,3.533333333333333,57,1,1,1,23251,2.3251
서울,2.6666666666666665,57,1,1,1,23251,2.3251
서울,2.8666666666666667,57,1,1,1,23251,2.3251
서울,2.8,57,1,1,1,23251,2.3251
서울,3.2666666666666666,57,1,1,1,23251,2.3251
서울,3.1333333333333333,57,1,1,1,23251,2.3251
강원,4.266666666666667,57,1,1,3,3611,0.3611
충북,3.0,57,1,1,3,5059,0.5059
충북,3.6,57,1,1,3,5059,0.5059
충북,3.3333333333333335,57,1,1,3,5059,0.5059
충남,2.6666666666666665,57,1,1,2,8534,0.8534
충남,2.8666666666666667,57,1,1,3,8534,0.8534
충남,2.7333333333333334,57,1,1,3,8534,0.8534
충남,2.8666666666666667,57,1,1,3,8534,0.8534
전북,3.2666666666666666,57,1,1,2,5218,0.5218
전북,3.2666666666666666,57,1,1,2,5218,0.5218
전북,3.2666666666666666,57,1,1,2,5218,0.5218
전북,3.2,57,1,1,3,5218,0.5218
전남,3.533333333333333,57,1,0,3,6055,0.6055
경북,2.6666666666666665,57,1,1,2,7071,0.7071
경북,2.6666666666666665,57,1,1,2,7071,0.7071
경북,3.2666666666666666,57,1,1,2,7071,0.7071
경북,4.466666666666667,57,1,1,2,7071,0.7071
경북,1.8666666666666667,57,1,1,2,7071,0.7071
경북,3.6,57,1,1,2,7071,0.7071
경북,3.066666666666667,57,1,1,2,7071,0.7071
경북,3.0,57,1,0,2,7071,0.7071
경북,3.1333333333333333,57,1,1,3,7071,0.7071
경북,3.8666666666666667,57,1,1,3,7071,0.7071
경북,3.8,57,1,1,3,7071,0.7071
경북,3.8,57,1,1,3,7071,0.7071
경남,3.1333333333333333,57,1,1,2,8711,0.8711
경남,3.1333333333333333,57,1,1,2,8711,0.8711
경남,2.6666666666666665,57,1,1,2,8711,0.8711
경남,3.2,57,1,1,2,8711,0.8711
경남,3.8666666666666667,57,1,1,2,8711,0.8711
경남,3.933333333333333,57,1,1,2,8711,0.8711
경남,3.1333333333333333,57,1,1,2,8711,0.8711
경남,3.6,57,1,1,2,8711,0.8711
경남,4.4,57,1,1,2,8711,0.8711
경남,2.3333333333333335,57,1,1,3,8711,0.8711
경남,3.7333333333333334,57,1,1,3,8711,0.8711
경남,2.066666666666667,57,1,1,3,8711,0.8711
경남,2.7333333333333334,57,1,0,3,8711,0.8711
제주,4.0,57,1,1,2,2623,0.2623
제주,4.933333333333334,57,1,0,2,2623,0.2623
제주,4.2,57,1,0,2,2623,0.2623
부산,4.066666666666666,57,1,1,1,5998,0.5998
부산,3.1333333333333333,57,1,1,1,5998,0.5998
부산,3.3333333333333335,57,1,1,1,5998,0.5998
부산,4.466666666666667,57,1,1,1,5998,0.5998
부산,4.4,57,1,1,1,5998,0.5998
부산,3.8,57,1,1,1,5998,0.5998
대구,2.933333333333333,57,1,1,1,4737,0.4737
대구,4.0,57,1,1,1,4737,0.4737
대구,3.4,57,1,1,1,4737,0.4737
대구,3.1333333333333333,57,1,1,1,4737,0.4737
대구,4.2,57,1,1,1,4737,0.4737
대구,3.7333333333333334,57,1,1,1,4737,0.4737
대구,3.7333333333333334,57,1,1,1,4737,0.4737
대구,4.133333333333334,57,1,1,1,4737,0.4737
대구,3.2666666666666666,57,1,1,1,4737,0.4737
인천,2.2,57,1,1,1,10645,1.0645
인천,3.4,57,1,1,1,10645,1.0645
인천,2.8,57,1,1,1,10645,1.0645
인천,2.0,57,1,1,1,10645,1.0645
인천,3.3333333333333335,57,1,1,1,10645,1.0645
인천,2.8666666666666667,57,1,1,1,10645,1.0645
인천,3.533333333333333,57,1,1,1,10645,1.0645
광주,4.933333333333334,57,1,1,1,3081,0.3081
광주,2.2666666666666666,57,1,1,1,3081,0.3081
광주,3.7333333333333334,57,1,1,1,3081,0.3081
대전,1.9333333333333333,57,1,1,1,3012,0.3012
대전,2.933333333333333,57,1,1,1,3012,0.3012
대전,3.1333333333333333,57,1,1,1,3012,0.3012
대전,3.3333333333333335,57,1,1,1,3012,0.3012
울산,3.0,57,1,1,1,2904,0.2904
울산,3.3333333333333335,57,1,1,1,2904,0.2904
울산,3.4,57,1,1,1,2904,0.2904
울산,3.6666666666666665,57,1,1,1,2904,0.2904
울산,3.4,57,1,1,1,2904,0.2904
울산,3.3333333333333335,57,1,1,1,2904,0.2904
울산,2.4,57,1,0,1,2904,0.2904
세종,3.2666666666666666,57,1,1,2,754,0.0754
세종,2.0,57,1,1,3,754,0.0754
경기,3.2666666666666666,57,1,1,2,46581,4.6581
경기,3.533333333333333,57,1,1,2,46581,4.6581
경기,3.2,57,1,1,2,46581,4.6581
경기,3.066666666666667,57,1,1,2,46581,4.6581
경기,3.8,57,1,1,2,46581,4.6581
경기,3.6666666666666665,57,1,1,3,46581,4.6581
경기,2.8,57,1,1,3,46581,4.6581
서울,3.8,58,0,1,1,23251,2.3251
서울,4.066666666666666,58,0,1,1,23251,2.3251
서울,3.6,58,0,1,1,23251,2.3251
서울,3.8,58,0,1,1,23251,2.3251
서울,2.6666666666666665,58,0,1,1,23251,2.3251
서울,3.933333333333333,58,0,1,1,23251,2.3251
강원,2.0,58,0,1,2,3611,0.3611
강원,1.2666666666666666,58,0,1,2,3611,0.3611
강원,2.7333333333333334,58,0,1,2,3611,0.3611
충북,2.8666666666666667,58,0,1,2,5059,0.5059
충북,2.4,58,0,1,2,5059,0.5059
충북,4.666666666666667,58,0,1,2,5059,0.5059
충북,3.533333333333333,58,0,1,3,5059,0.5059
충남,4.266666666666667,58,0,1,2,8534,0.8534
충남,2.933333333333333,58,0,1,2,8534,0.8534
충남,4.0,58,0,1,2,8534,0.8534
전북,2.8666666666666667,58,0,1,2,5218,0.5218
전북,2.933333333333333,58,0,1,2,5218,0.5218
전북,3.6,58,0,1,3,5218,0.5218
전남,3.066666666666667,58,0,1,2,6055,0.6055
전남,3.4,58,0,1,3,6055,0.6055
경북,2.7333333333333334,58,0,1,2,7071,0.7071
경북,2.8,58,0,1,3,7071,0.7071
경북,2.933333333333333,58,0,1,3,7071,0.7071
경북,3.8666666666666667,58,0,1,3,7071,0.7071
경북,2.8666666666666667,58,0,1,3,7071,0.7071
경북,4.2,58,0,1,3,7071,0.7071
경남,3.0,58,0,1,2,8711,0.8711
경남,3.4,58,0,1,2,8711,0.8711
경남,1.6666666666666667,58,0,1,2,8711,0.8711
경남,3.3333333333333335,58,0,1,2,8711,0.8711
경남,3.1333333333333333,58,0,1,3,8711,0.8711
경남,3.8666666666666667,58,0,1,3,8711,0.8711
제주,2.6666666666666665,58,0,1,2,2623,0.2623
부산,3.466666666666667,58,0,1,1,5998,0.5998
부산,3.066666666666667,58,0,1,1,5998,0.5998
부산,2.933333333333333,58,0,1,1,5998,0.5998
부산,2.4,58,0,1,1,5998,0.5998
대구,3.0,58,0,1,1,4737,0.4737
대구,3.066666666666667,58,0,1,1,4737,0.4737
인천,2.4,58,0,1,1,10645,1.0645
인천,3.533333333333333,58,0,1,1,10645,1.0645
광주,1.8666666666666667,58,0,1,1,3081,0.3081
광주,3.066666666666667,58,0,1,1,3081,0.3081
광주,3.933333333333333,58,0,1,1,3081,0.3081
대전,3.4,58,0,1,1,3012,0.3012
대전,3.466666666666667,58,0,1,1,3012,0.3012
울산,3.533333333333333,58,0,1,1,2904,0.2904
울산,4.066666666666666,58,0,1,1,2904,0.2904
울산,4.8,58,0,1,1,2904,0.2904
울산,4.266666666666667,58,0,1,1,2904,0.2904
경기,2.6666666666666665,58,0,1,2,46581,4.6581
경기,4.133333333333334,58,0,1,2,46581,4.6581
경기,2.8666666666666667,58,0,1,2,46581,4.6581
경기,3.1333333333333333,58,0,1,2,46581,4.6581
경기,3.466666666666667,58,0,1,2,46581,4.6581
경기,2.8,58,0,1,2,46581,4.6581
경기,3.8,58,0,1,2,46581,4.6581
경기,3.8666666666666667,58,0,1,2,46581,4.6581
경기,3.6,58,0,1,2,46581,4.6581
경기,3.533333333333333,58,0,1,2,46581,4.6581
경기,2.3333333333333335,58,0,1,2,46581,4.6581
경기,3.4,58,0,1,2,46581,4.6581
경기,2.7333333333333334,58,0,1,2,46581,4.6581
경기,3.6666666666666665,58,0,1,2,46581,4.6581
경기,2.6666666666666665,58,0,0,2,46581,4.6581
서울,3.4,58,1,1,1,23251,2.3251
서울,3.4,58,1,1,1,23251,2.3251
서울,3.2666666666666666,58,1,1,1,23251,2.3251
서울,3.066666666666667,58,1,1,1,23251,2.3251
서울,3.2,58,1,1,1,23251,2.3251
서울,2.933333333333333,58,1,1,1,23251,2.3251
서울,3.3333333333333335,58,1,1,1,23251,2.3251
서울,3.466666666666667,58,1,1,1,23251,2.3251
서울,2.466666666666667,58,1,1,1,23251,2.3251
서울,3.7333333333333334,58,1,1,1,23251,2.3251
서울,2.4,58,1,1,1,23251,2.3251
강원,2.8,58,1,1,2,3611,0.3611
강원,3.6,58,1,1,2,3611,0.3611
강원,3.3333333333333335,58,1,1,3,3611,0.3611
충북,3.066666666666667,58,1,1,2,5059,0.5059
충북,2.0,58,1,1,2,5059,0.5059
충북,3.8,58,1,1,3,5059,0.5059
충남,3.466666666666667,58,1,1,2,8534,0.8534
충남,2.6666666666666665,58,1,1,2,8534,0.8534
충남,3.066666666666667,58,1,1,3,8534,0.8534
충남,3.0,58,1,1,3,8534,0.8534
충남,3.933333333333333,58,1,1,3,8534,0.8534
충남,2.1333333333333333,58,1,1,3,8534,0.8534
전북,2.8666666666666667,58,1,1,2,5218,0.5218
전북,3.0,58,1,1,2,5218,0.5218
전북,2.6666666666666665,58,1,1,2,5218,0.5218
전북,2.7333333333333334,58,1,1,3,5218,0.5218
전남,3.1333333333333333,58,1,1,2,6055,0.6055
전남,3.0,58,1,1,2,6055,0.6055
전남,2.8666666666666667,58,1,1,3,6055,0.6055
전남,3.1333333333333333,58,1,1,3,6055,0.6055
전남,3.533333333333333,58,1,1,3,6055,0.6055
전남,2.4,58,1,1,3,6055,0.6055
전남,3.2666666666666666,58,1,1,3,6055,0.6055
전남,2.642857142857143,58,1,0,3,6055,0.6055
전남,3.1333333333333333,58,1,0,3,6055,0.6055
경북,2.4,58,1,1,2,7071,0.7071
경북,2.3333333333333335,58,1,1,2,7071,0.7071
경북,4.866666666666666,58,1,1,2,7071,0.7071
경북,3.933333333333333,58,1,1,2,7071,0.7071
경북,2.466666666666667,58,1,0,2,7071,0.7071
경북,3.1333333333333333,58,1,1,3,7071,0.7071
경북,2.1333333333333333,58,1,1,3,7071,0.7071
경북,4.266666666666667,58,1,1,3,7071,0.7071
경북,3.0,58,1,1,3,7071,0.7071
경북,2.3333333333333335,58,1,0,3,7071,0.7071
경남,2.533333333333333,58,1,1,2,8711,0.8711
경남,4.266666666666667,58,1,1,2,8711,0.8711
경남,2.7333333333333334,58,1,1,2,8711,0.8711
부산,2.6666666666666665,58,1,1,1,5998,0.5998
부산,2.933333333333333,58,1,1,1,5998,0.5998
부산,3.2,58,1,1,1,5998,0.5998
부산,4.133333333333334,58,1,1,1,5998,0.5998
부산,4.266666666666667,58,1,1,1,5998,0.5998
대구,2.6666666666666665,58,1,1,1,4737,0.4737
대구,2.4,58,1,1,1,4737,0.4737
대구,2.2,58,1,1,1,4737,0.4737
대구,3.7333333333333334,58,1,1,1,4737,0.4737
대구,3.3333333333333335,58,1,1,1,4737,0.4737
인천,3.933333333333333,58,1,1,1,10645,1.0645
인천,2.533333333333333,58,1,1,1,10645,1.0645
인천,2.8666666666666667,58,1,1,1,10645,1.0645
인천,2.8666666666666667,58,1,1,1,10645,1.0645
인천,4.0,58,1,1,1,10645,1.0645
광주,3.2666666666666666,58,1,1,1,3081,0.3081
광주,3.4,58,1,1,1,3081,0.3081
광주,3.1333333333333333,58,1,1,1,3081,0.3081
광주,3.2666666666666666,58,1,1,1,3081,0.3081
광주,2.0,58,1,0,1,3081,0.3081
울산,3.6,58,1,1,1,2904,0.2904
울산,4.0,58,1,1,1,2904,0.2904
울산,2.8666666666666667,58,1,1,1,2904,0.2904
울산,4.733333333333333,58,1,1,1,2904,0.2904
경기,3.066666666666667,58,1,1,2,46581,4.6581
경기,3.066666666666667,58,1,1,2,46581,4.6581
경기,3.466666666666667,58,1,1,2,46581,4.6581
경기,4.0,58,1,1,2,46581,4.6581
경기,3.066666666666667,58,1,1,2,46581,4.6581
경기,3.4,58,1,1,2,46581,4.6581
경기,3.2666666666666666,58,1,1,2,46581,4.6581
경기,3.2,58,1,1,2,46581,4.6581
경기,4.333333333333333,58,1,1,2,46581,4.6581
경기,3.066666666666667,58,1,0,2,46581,4.6581
서울,4.066666666666666,59,0,1,1,23251,2.3251
서울,4.533333333333333,59,0,1,1,23251,2.3251
서울,3.6666666666666665,59,0,1,1,23251,2.3251
서울,3.6,59,0,1,1,23251,2.3251
서울,3.7333333333333334,59,0,1,1,23251,2.3251
서울,3.6666666666666665,59,0,1,1,23251,2.3251
서울,4.4,59,0,1,1,23251,2.3251
서울,3.2666666666666666,59,0,1,1,23251,2.3251
서울,3.8666666666666667,59,0,1,1,23251,2.3251
강원,1.9333333333333333,59,0,1,2,3611,0.3611
강원,5.0,59,0,0,3,3611,0.3611
충북,3.6,59,0,1,2,5059,0.5059
충북,4.2,59,0,1,2,5059,0.5059
충남,3.6666666666666665,59,0,1,2,8534,0.8534
충남,2.6,59,0,1,2,8534,0.8534
충남,1.7333333333333334,59,0,1,3,8534,0.8534
전북,3.533333333333333,59,0,1,2,5218,0.5218
전북,2.8666666666666667,59,0,1,2,5218,0.5218
전북,3.6666666666666665,59,0,1,2,5218,0.5218
전북,2.6666666666666665,59,0,1,2,5218,0.5218
전남,3.466666666666667,59,0,1,2,6055,0.6055
전남,2.933333333333333,59,0,1,3,6055,0.6055
경북,3.8,59,0,1,3,7071,0.7071
경남,2.933333333333333,59,0,1,2,8711,0.8711
경남,3.8666666666666667,59,0,1,2,8711,0.8711
경남,2.2,59,0,1,2,8711,0.8711
경남,2.6666666666666665,59,0,1,2,8711,0.8711
경남,3.7333333333333334,59,0,1,3,8711,0.8711
경남,2.8,59,0,1,3,8711,0.8711
경남,3.8,59,0,1,3,8711,0.8711
경남,2.533333333333333,59,0,1,3,8711,0.8711
부산,3.933333333333333,59,0,1,1,5998,0.5998
부산,1.8666666666666667,59,0,1,1,5998,0.5998
부산,3.066666666666667,59,0,1,1,5998,0.5998
부산,3.2666666666666666,59,0,1,1,5998,0.5998
부산,3.6,59,0,1,1,5998,0.5998
부산,3.8666666666666667,59,0,1,1,5998,0.5998
부산,3.2666666666666666,59,0,1,1,5998,0.5998
부산,3.3333333333333335,59,0,1,1,5998,0.5998
부산,3.6,59,0,0,1,5998,0.5998
대구,4.066666666666666,59,0,1,1,4737,0.4737
대구,3.066666666666667,59,0,1,1,4737,0.4737
대구,4.133333333333334,59,0,1,1,4737,0.4737
대구,4.2,59,0,1,1,4737,0.4737
인천,2.066666666666667,59,0,1,1,10645,1.0645
광주,2.2,59,0,1,1,3081,0.3081
울산,3.1333333333333333,59,0,1,1,2904,0.2904
세종,2.7333333333333334,59,0,1,3,754,0.0754
경기,3.066666666666667,59,0,1,2,46581,4.6581
서울,3.1333333333333333,59,1,1,1,23251,2.3251
서울,3.0,59,1,1,1,23251,2.3251
서울,3.2666666666666666,59,1,1,1,23251,2.3251
서울,3.2666666666666666,59,1,1,1,23251,2.3251
서울,3.6,59,1,1,1,23251,2.3251
서울,3.2,59,1,1,1,23251,2.3251
서울,3.1333333333333333,59,1,1,1,23251,2.3251
서울,2.4,59,1,1,1,23251,2.3251
서울,2.933333333333333,59,1,1,1,23251,2.3251
서울,2.6666666666666665,59,1,1,1,23251,2.3251
강원,2.2,59,1,1,2,3611,0.3611
강원,4.266666666666667,59,1,1,3,3611,0.3611
강원,3.2666666666666666,59,1,1,3,3611,0.3611
충북,2.8,59,1,1,3,5059,0.5059
충남,3.2,59,1,1,2,8534,0.8534
충남,3.2,59,1,1,2,8534,0.8534
충남,4.266666666666667,59,1,1,2,8534,0.8534
충남,3.533333333333333,59,1,0,2,8534,0.8534
충남,4.333333333333333,59,1,1,3,8534,0.8534
전북,3.0,59,1,1,2,5218,0.5218
전북,3.6,59,1,1,2,5218,0.5218
전북,3.7333333333333334,59,1,1,2,5218,0.5218
전북,3.6,59,1,1,2,5218,0.5218
전북,2.533333333333333,59,1,1,3,5218,0.5218
전남,2.6,59,1,1,2,6055,0.6055
전남,4.266666666666667,59,1,1,3,6055,0.6055
전남,3.066666666666667,59,1,1,3,6055,0.6055
전남,2.933333333333333,59,1,1,3,6055,0.6055
전남,4.466666666666667,59,1,0,3,6055,0.6055
경북,3.0,59,1,1,2,7071,0.7071
경북,3.3333333333333335,59,1,1,2,7071,0.7071
경북,3.6,59,1,1,3,7071,0.7071
경북,4.133333333333334,59,1,1,3,7071,0.7071
경남,3.7333333333333334,59,1,1,2,8711,0.8711
경남,3.6,59,1,1,2,8711,0.8711
경남,4.133333333333334,59,1,1,2,8711,0.8711
경남,4.333333333333333,59,1,1,2,8711,0.8711
경남,3.2,59,1,1,2,8711,0.8711
경남,3.533333333333333,59,1,1,2,8711,0.8711
경남,3.8,59,1,1,2,8711,0.8711
경남,3.4,59,1,1,3,8711,0.8711
제주,2.933333333333333,59,1,1,2,2623,0.2623
제주,3.2,59,1,1,2,2623,0.2623
부산,3.8,59,1,1,1,5998,0.5998
부산,4.533333333333333,59,1,1,1,5998,0.5998
부산,2.933333333333333,59,1,1,1,5998,0.5998
부산,3.2,59,1,1,1,5998,0.5998
부산,3.533333333333333,59,1,1,1,5998,0.5998
부산,3.6,59,1,1,1,5998,0.5998
부산,3.466666666666667,59,1,1,1,5998,0.5998
부산,2.066666666666667,59,1,1,1,5998,0.5998
부산,2.533333333333333,59,1,1,1,5998,0.5998
대구,3.1333333333333333,59,1,1,1,4737,0.4737
대구,2.933333333333333,59,1,1,1,4737,0.4737
대구,3.8666666666666667,59,1,1,1,4737,0.4737
대구,3.466666666666667,59,1,1,1,4737,0.4737
대구,3.466666666666667,59,1,1,1,4737,0.4737
인천,2.466666666666667,59,1,1,1,10645,1.0645
인천,2.8666666666666667,59,1,1,1,10645,1.0645
인천,3.8666666666666667,59,1,1,1,10645,1.0645
인천,2.8666666666666667,59,1,0,1,10645,1.0645
광주,3.6666666666666665,59,1,1,1,3081,0.3081
광주,3.2666666666666666,59,1,1,1,3081,0.3081
광주,2.6,59,1,1,1,3081,0.3081
대전,2.4,59,1,1,1,3012,0.3012
대전,2.6,59,1,1,1,3012,0.3012
대전,3.8666666666666667,59,1,1,1,3012,0.3012
울산,3.6666666666666665,59,1,1,1,2904,0.2904
세종,3.466666666666667,59,1,0,2,754,0.0754
세종,3.8,59,1,1,3,754,0.0754
경기,3.4,59,1,1,2,46581,4.6581
경기,3.3333333333333335,59,1,1,2,46581,4.6581
경기,3.2,59,1,1,2,46581,4.6581
경기,4.2,59,1,1,2,46581,4.6581
경기,3.1333333333333333,59,1,1,2,46581,4.6581
경기,3.6,59,1,1,2,46581,4.6581
경기,3.8,59,1,1,2,46581,4.6581
경기,2.6666666666666665,59,1,1,2,46581,4.6581
경기,3.466666666666667,59,1,1,2,46581,4.6581
서울,3.466666666666667,60,0,1,1,23251,2.3251
서울,3.6,60,0,1,1,23251,2.3251
강원,3.1333333333333333,60,0,1,2,3611,0.3611
충북,3.2,60,0,0,3,5059,0.5059
충남,3.6,60,0,0,2,8534,0.8534
충남,3.466666666666667,60,0,1,3,8534,0.8534
전북,2.533333333333333,60,0,1,2,5218,0.5218
전북,3.4,60,0,0,2,5218,0.5218
전남,2.1333333333333333,60,0,1,3,6055,0.6055
전남,3.2666666666666666,60,0,1,3,6055,0.6055
전남,4.8,60,0,1,3,6055,0.6055
전남,3.1333333333333333,60,0,1,3,6055,0.6055
경북,2.6,60,0,1,3,7071,0.7071
경북,3.533333333333333,60,0,1,3,7071,0.7071
경북,2.6666666666666665,60,0,1,3,7071,0.7071
경남,3.3333333333333335,60,0,1,2,8711,0.8711
경남,4.066666666666666,60,0,1,2,8711,0.8711
제주,4.8,60,0,1,2,2623,0.2623
제주,2.466666666666667,60,0,1,2,2623,0.2623
부산,3.533333333333333,60,0,1,1,5998,0.5998
부산,3.4,60,0,1,1,5998,0.5998
부산,2.933333333333333,60,0,1,1,5998,0.5998
부산,3.7333333333333334,60,0,1,1,5998,0.5998
부산,4.266666666666667,60,0,1,1,5998,0.5998
대구,3.1333333333333333,60,0,1,1,4737,0.4737
대구,3.2666666666666666,60,0,1,1,4737,0.4737
인천,2.8,60,0,1,1,10645,1.0645
인천,3.6,60,0,1,1,10645,1.0645
광주,2.466666666666667,60,0,1,1,3081,0.3081
대전,3.2666666666666666,60,0,1,1,3012,0.3012
대전,1.6666666666666667,60,0,1,1,3012,0.3012
대전,1.6666666666666667,60,0,1,1,3012,0.3012
울산,2.6,60,0,1,1,2904,0.2904
울산,2.933333333333333,60,0,1,1,2904,0.2904
울산,4.666666666666667,60,0,1,1,2904,0.2904
울산,4.266666666666667,60,0,1,1,2904,0.2904
세종,3.933333333333333,60,0,1,2,754,0.0754
경기,3.6,60,0,1,2,46581,4.6581
경기,3.933333333333333,60,0,1,2,46581,4.6581
경기,3.533333333333333,60,0,1,2,46581,4.6581
경기,3.3333333333333335,60,0,1,2,46581,4.6581
경기,3.4,60,0,1,2,46581,4.6581
경기,3.2666666666666666,60,0,1,2,46581,4.6581
경기,3.3333333333333335,60,0,1,2,46581,4.6581
경기,3.933333333333333,60,0,1,2,46581,4.6581
경기,3.7333333333333334,60,0,0,2,46581,4.6581
경기,2.8666666666666667,60,0,1,3,46581,4.6581
경기,3.2,60,0,1,3,46581,4.6581
서울,3.2666666666666666,60,1,1,1,23251,2.3251
서울,3.2,60,1,1,1,23251,2.3251
서울,3.533333333333333,60,1,1,1,23251,2.3251
서울,2.8,60,1,1,1,23251,2.3251
서울,2.8,60,1,1,1,23251,2.3251
강원,3.2666666666666666,60,1,1,2,3611,0.3611
강원,1.0,60,1,1,2,3611,0.3611
강원,3.933333333333333,60,1,0,2,3611,0.3611
충북,2.8,60,1,1,2,5059,0.5059
충북,3.533333333333333,60,1,1,2,5059,0.5059
충북,3.1333333333333333,60,1,1,2,5059,0.5059
충북,3.2,60,1,1,2,5059,0.5059
충북,2.2666666666666666,60,1,0,2,5059,0.5059
충남,3.1333333333333333,60,1,0,2,8534,0.8534
충남,2.533333333333333,60,1,1,3,8534,0.8534
충남,3.3333333333333335,60,1,0,3,8534,0.8534
충남,3.6,60,1,0,3,8534,0.8534
전북,3.0,60,1,1,2,5218,0.5218
전북,3.6,60,1,1,2,5218,0.5218
전북,4.2,60,1,1,2,5218,0.5218
전북,2.8666666666666667,60,1,1,2,5218,0.5218
전남,3.6,60,1,1,2,6055,0.6055
전남,2.933333333333333,60,1,1,3,6055,0.6055
경북,4.333333333333333,60,1,1,2,7071,0.7071
경북,4.066666666666666,60,1,1,2,7071,0.7071
경북,3.933333333333333,60,1,1,3,7071,0.7071
경북,3.2,60,1,1,3,7071,0.7071
경남,3.2666666666666666,60,1,1,2,8711,0.8711
경남,3.6,60,1,1,2,8711,0.8711
경남,3.066666666666667,60,1,1,2,8711,0.8711
경남,3.2,60,1,1,2,8711,0.8711
경남,3.066666666666667,60,1,1,3,8711,0.8711
경남,4.266666666666667,60,1,1,3,8711,0.8711
제주,2.3333333333333335,60,1,1,2,2623,0.2623
제주,2.0,60,1,1,2,2623,0.2623
제주,2.6,60,1,1,3,2623,0.2623
제주,1.5333333333333334,60,1,0,3,2623,0.2623
부산,3.2666666666666666,60,1,1,1,5998,0.5998
부산,3.0,60,1,1,1,5998,0.5998
부산,4.266666666666667,60,1,1,1,5998,0.5998
부산,2.8,60,1,1,1,5998,0.5998
부산,4.2,60,1,1,1,5998,0.5998
부산,3.0,60,1,1,1,5998,0.5998
부산,3.933333333333333,60,1,0,1,5998,0.5998
대구,3.1333333333333333,60,1,1,1,4737,0.4737
대구,4.133333333333334,60,1,1,1,4737,0.4737
대구,3.2,60,1,1,1,4737,0.4737
대구,2.6,60,1,1,1,4737,0.4737
인천,4.066666666666666,60,1,1,1,10645,1.0645
인천,3.7333333333333334,60,1,1,1,10645,1.0645
인천,2.1333333333333333,60,1,1,1,10645,1.0645
광주,4.533333333333333,60,1,1,1,3081,0.3081
광주,2.8666666666666667,60,1,1,1,3081,0.3081
광주,4.066666666666666,60,1,1,1,3081,0.3081
광주,2.6,60,1,1,1,3081,0.3081
광주,3.6666666666666665,60,1,1,1,3081,0.3081
대전,2.4,60,1,1,1,3012,0.3012
대전,2.3333333333333335,60,1,1,1,3012,0.3012
울산,3.3333333333333335,60,1,1,1,2904,0.2904
울산,2.7333333333333334,60,1,1,1,2904,0.2904
울산,3.2666666666666666,60,1,1,1,2904,0.2904
울산,4.6,60,1,1,1,2904,0.2904
세종,3.466666666666667,60,1,1,2,754,0.0754
경기,3.066666666666667,60,1,1,2,46581,4.6581
경기,3.4,60,1,1,2,46581,4.6581
경기,3.533333333333333,60,1,1,2,46581,4.6581
경기,3.6,60,1,1,2,46581,4.6581
경기,3.0,60,1,1,2,46581,4.6581
경기,3.2666666666666666,60,1,1,2,46581,4.6581
경기,2.933333333333333,60,1,1,2,46581,4.6581
경기,3.4,60,1,1,2,46581,4.6581
경기,3.7333333333333334,60,1,1,2,46581,4.6581
경기,2.8,60,1,1,2,46581,4.6581
경기,4.533333333333333,60,1,1,3,46581,4.6581
서울,2.4,61,0,1,1,23251,2.3251
서울,3.4,61,0,1,1,23251,2.3251
서울,3.466666666666667,61,0,1,1,23251,2.3251
서울,2.933333333333333,61,0,1,1,23251,2.3251
서울,3.1333333333333333,61,0,1,1,23251,2.3251
서울,3.066666666666667,61,0,1,1,23251,2.3251
서울,2.8666666666666667,61,0,1,1,23251,2.3251
서울,3.1333333333333333,61,0,1,1,23251,2.3251
서울,3.2,61,0,1,1,23251,2.3251
서울,3.066666666666667,61,0,1,1,23251,2.3251
강원,4.866666666666666,61,0,1,2,3611,0.3611
충북,3.0,61,0,1,2,5059,0.5059
충북,3.066666666666667,61,0,1,2,5059,0.5059
충남,3.7333333333333334,61,0,1,2,8534,0.8534
충남,3.3333333333333335,61,0,0,2,8534,0.8534
충남,3.533333333333333,61,0,1,3,8534,0.8534
전북,3.8,61,0,1,2,5218,0.5218
전북,4.266666666666667,61,0,1,3,5218,0.5218
전남,3.2666666666666666,61,0,1,2,6055,0.6055
전남,3.066666666666667,61,0,1,2,6055,0.6055
전남,3.4,61,0,1,2,6055,0.6055
경북,2.933333333333333,61,0,1,2,7071,0.7071
경북,4.266666666666667,61,0,0,2,7071,0.7071
경북,3.066666666666667,61,0,1,3,7071,0.7071
경남,3.2666666666666666,61,0,1,2,8711,0.8711
경남,4.133333333333334,61,0,1,2,8711,0.8711
경남,3.4,61,0,1,3,8711,0.8711
경남,2.7333333333333334,61,0,1,3,8711,0.8711
경남,3.2,61,0,1,3,8711,0.8711
제주,3.0,61,0,0,3,2623,0.2623
부산,2.4,61,0,1,1,5998,0.5998
부산,3.466666666666667,61,0,1,1,5998,0.5998
부산,3.6,61,0,1,1,5998,0.5998
부산,3.3333333333333335,61,0,1,1,5998,0.5998
부산,2.3333333333333335,61,0,1,1,5998,0.5998
부산,3.466666666666667,61,0,1,1,5998,0.5998
부산,3.0,61,0,1,1,5998,0.5998
부산,3.1333333333333333,61,0,1,1,5998,0.5998
부산,3.2,61,0,1,1,5998,0.5998
대구,2.933333333333333,61,0,1,1,4737,0.4737
대구,3.2666666666666666,61,0,1,1,4737,0.4737
대구,3.0,61,0,0,1,4737,0.4737
인천,4.133333333333334,61,0,1,1,10645,1.0645
대전,3.066666666666667,61,0,1,1,3012,0.3012
울산,3.1333333333333333,61,0,1,1,2904,0.2904
울산,4.333333333333333,61,0,1,1,2904,0.2904
세종,3.533333333333333,61,0,1,2,754,0.0754
세종,3.8,61,0,1,3,754,0.0754
세종,3.3333333333333335,61,0,1,3,754,0.0754
경기,4.133333333333334,61,0,1,2,46581,4.6581
경기,2.7333333333333334,61,0,1,2,46581,4.6581
경기,3.8,61,0,1,2,46581,4.6581
경기,3.2666666666666666,61,0,1,2,46581,4.6581
경기,3.1333333333333333,61,0,1,2,46581,4.6581
경기,3.533333333333333,61,0,1,2,46581,4.6581
경기,2.933333333333333,61,0,1,2,46581,4.6581
서울,2.1333333333333333,61,1,1,1,23251,2.3251
서울,3.2,61,1,1,1,23251,2.3251
서울,3.6666666666666665,61,1,1,1,23251,2.3251
서울,3.3333333333333335,61,1,1,1,23251,2.3251
서울,3.2666666666666666,61,1,1,1,23251,2.3251
서울,2.7333333333333334,61,1,1,1,23251,2.3251
서울,3.8,61,1,1,1,23251,2.3251
강원,3.2,61,1,1,3,3611,0.3611
강원,4.2,61,1,1,3,3611,0.3611
강원,3.7333333333333334,61,1,1,3,3611,0.3611
강원,3.6666666666666665,61,1,1,3,3611,0.3611
충북,4.0,61,1,1,2,5059,0.5059
충북,1.7333333333333334,61,1,1,2,5059,0.5059
충북,2.8666666666666667,61,1,1,2,5059,0.5059
충북,4.333333333333333,61,1,1,2,5059,0.5059
충북,3.466666666666667,61,1,1,3,5059,0.5059
충남,4.133333333333334,61,1,1,2,8534,0.8534
충남,3.7333333333333334,61,1,1,3,8534,0.8534
전북,3.8666666666666667,61,1,1,2,5218,0.5218
전북,3.1333333333333333,61,1,1,2,5218,0.5218
전북,4.0,61,1,1,3,5218,0.5218
전북,3.1333333333333333,61,1,1,3,5218,0.5218
전남,3.8,61,1,1,3,6055,0.6055
경북,2.2,61,1,1,2,7071,0.7071
경북,4.0,61,1,1,2,7071,0.7071
경북,2.933333333333333,61,1,0,2,7071,0.7071
경북,4.6,61,1,1,3,7071,0.7071
경북,3.4,61,1,0,3,7071,0.7071
경남,3.3333333333333335,61,1,1,2,8711,0.8711
제주,2.533333333333333,61,1,1,2,2623,0.2623
부산,3.066666666666667,61,1,1,1,5998,0.5998
부산,3.8,61,1,1,1,5998,0.5998
부산,3.1333333333333333,61,1,1,1,5998,0.5998
부산,3.4,61,1,1,1,5998,0.5998
부산,3.7333333333333334,61,1,1,1,5998,0.5998
부산,4.266666666666667,61,1,1,1,5998,0.5998
대구,3.533333333333333,61,1,1,1,4737,0.4737
대구,3.0,61,1,1,1,4737,0.4737
대구,3.3333333333333335,61,1,1,1,4737,0.4737
대구,3.7333333333333334,61,1,1,1,4737,0.4737
대구,4.0,61,1,1,1,4737,0.4737
대구,3.1333333333333333,61,1,1,1,4737,0.4737
대구,2.933333333333333,61,1,1,1,4737,0.4737
대구,2.6,61,1,1,1,4737,0.4737
인천,2.533333333333333,61,1,1,1,10645,1.0645
인천,2.8666666666666667,61,1,1,1,10645,1.0645
인천,2.466666666666667,61,1,0,1,10645,1.0645
광주,4.0,61,1,1,1,3081,0.3081
광주,3.4,61,1,1,1,3081,0.3081
대전,2.2666666666666666,61,1,1,1,3012,0.3012
대전,2.8666666666666667,61,1,1,1,3012,0.3012
대전,3.4,61,1,0,1,3012,0.3012
울산,3.466666666666667,61,1,1,1,2904,0.2904
울산,3.1333333333333333,61,1,1,1,2904,0.2904
울산,3.3333333333333335,61,1,1,1,2904,0.2904
울산,3.466666666666667,61,1,1,1,2904,0.2904
울산,2.533333333333333,61,1,1,1,2904,0.2904
울산,4.333333333333333,61,1,1,1,2904,0.2904
세종,3.533333333333333,61,1,1,2,754,0.0754
세종,4.266666666666667,61,1,1,3,754,0.0754
경기,3.8,61,1,1,2,46581,4.6581
경기,3.066666666666667,61,1,1,2,46581,4.6581
경기,3.2,61,1,1,2,46581,4.6581
경기,2.933333333333333,61,1,1,2,46581,4.6581
경기,4.0,61,1,1,3,46581,4.6581
경기,3.466666666666667,61,1,1,3,46581,4.6581
서울,3.1333333333333333,62,0,1,1,23251,2.3251
서울,2.933333333333333,62,0,1,1,23251,2.3251
서울,3.3333333333333335,62,0,1,1,23251,2.3251
서울,2.8,62,0,1,1,23251,2.3251
서울,3.1333333333333333,62,0,1,1,23251,2.3251
강원,3.3333333333333335,62,0,1,3,3611,0.3611
충북,2.933333333333333,62,0,1,2,5059,0.5059
충남,4.8,62,0,1,3,8534,0.8534
충남,2.466666666666667,62,0,1,3,8534,0.8534
충남,3.533333333333333,62,0,1,3,8534,0.8534
전남,3.3333333333333335,62,0,1,2,6055,0.6055
전남,2.0,62,0,0,2,6055,0.6055
전남,3.3333333333333335,62,0,1,3,6055,0.6055
전남,2.7333333333333334,62,0,1,3,6055,0.6055
전남,3.2666666666666666,62,0,1,3,6055,0.6055
전남,3.1333333333333333,62,0,1,3,6055,0.6055
전남,2.6666666666666665,62,0,1,3,6055,0.6055
경북,3.7333333333333334,62,0,1,2,7071,0.7071
경북,2.8666666666666667,62,0,1,3,7071,0.7071
경남,3.4,62,0,1,2,8711,0.8711
경남,4.4,62,0,1,3,8711,0.8711
제주,1.8,62,0,1,2,2623,0.2623
제주,3.6,62,0,1,3,2623,0.2623
부산,3.2666666666666666,62,0,1,1,5998,0.5998
부산,3.1333333333333333,62,0,1,1,5998,0.5998
부산,2.7333333333333334,62,0,1,1,5998,0.5998
부산,1.8666666666666667,62,0,1,1,5998,0.5998
부산,2.7333333333333334,62,0,1,1,5998,0.5998
부산,4.266666666666667,62,0,1,1,5998,0.5998
대구,2.7333333333333334,62,0,1,1,4737,0.4737
대구,3.6,62,0,1,1,4737,0.4737
인천,3.1333333333333333,62,0,1,1,10645,1.0645
인천,3.3333333333333335,62,0,1,1,10645,1.0645
인천,3.466666666666667,62,0,1,1,10645,1.0645
광주,2.7333333333333334,62,0,1,1,3081,0.3081
광주,3.533333333333333,62,0,1,1,3081,0.3081
대전,3.3333333333333335,62,0,1,1,3012,0.3012
경기,2.6666666666666665,62,0,1,2,46581,4.6581
경기,3.466666666666667,62,0,1,2,46581,4.6581
경기,3.2666666666666666,62,0,1,2,46581,4.6581
경기,3.7333333333333334,62,0,1,2,46581,4.6581
경기,3.1333333333333333,62,0,1,2,46581,4.6581
경기,3.4,62,0,1,2,46581,4.6581
경기,3.933333333333333,62,0,1,2,46581,4.6581
경기,3.2666666666666666,62,0,1,2,46581,4.6581
경기,2.466666666666667,62,0,1,2,46581,4.6581
경기,3.8,62,0,1,3,46581,4.6581
경기,3.2666666666666666,62,0,1,3,46581,4.6581
서울,3.3333333333333335,62,1,1,1,23251,2.3251
서울,3.2,62,1,1,1,23251,2.3251
서울,3.2666666666666666,62,1,1,1,23251,2.3251
강원,4.466666666666667,62,1,1,2,3611,0.3611
강원,3.2666666666666666,62,1,1,2,3611,0.3611
강원,1.6666666666666667,62,1,1,2,3611,0.3611
강원,3.2,62,1,1,3,3611,0.3611
강원,3.7333333333333334,62,1,1,3,3611,0.3611
강원,3.3333333333333335,62,1,1,3,3611,0.3611
충북,3.1333333333333333,62,1,1,2,5059,0.5059
충북,2.8,62,1,1,3,5059,0.5059
충남,2.533333333333333,62,1,1,2,8534,0.8534
충남,2.4,62,1,1,2,8534,0.8534
충남,3.1333333333333333,62,1,1,3,8534,0.8534
충남,2.8,62,1,1,3,8534,0.8534
전북,4.0,62,1,1,2,5218,0.5218
전북,3.533333333333333,62,1,1,2,5218,0.5218
전북,6.0,62,1,1,3,5218,0.5218
전북,6.0,62,1,1,3,5218,0.5218
전남,2.8666666666666667,62,1,1,2,6055,0.6055
전남,3.2666666666666666,62,1,1,2,6055,0.6055
전남,3.2,62,1,1,2,6055,0.6055
전남,2.2666666666666666,62,1,1,3,6055,0.6055
전남,3.7333333333333334,62,1,1,3,6055,0.6055
전남,2.2,62,1,0,3,6055,0.6055
경북,4.733333333333333,62,1,1,2,7071,0.7071
경북,3.8,62,1,1,2,7071,0.7071
경북,2.933333333333333,62,1,0,2,7071,0.7071
경북,3.533333333333333,62,1,1,3,7071,0.7071
경남,3.2666666666666666,62,1,1,2,8711,0.8711
경남,3.933333333333333,62,1,1,2,8711,0.8711
경남,3.6,62,1,1,2,8711,0.8711
경남,3.6666666666666665,62,1,1,3,8711,0.8711
제주,3.533333333333333,62,1,1,2,2623,0.2623
제주,3.933333333333333,62,1,1,2,2623,0.2623
제주,1.4666666666666666,62,1,1,2,2623,0.2623
제주,3.8,62,1,0,2,2623,0.2623
제주,3.933333333333333,62,1,1,3,2623,0.2623
부산,3.466666666666667,62,1,1,1,5998,0.5998
부산,3.066666666666667,62,1,1,1,5998,0.5998
부산,2.8666666666666667,62,1,1,1,5998,0.5998
부산,3.533333333333333,62,1,1,1,5998,0.5998
부산,3.2666666666666666,62,1,1,1,5998,0.5998
부산,3.1333333333333333,62,1,1,1,5998,0.5998
대구,2.933333333333333,62,1,1,1,4737,0.4737
대구,4.533333333333333,62,1,1,1,4737,0.4737
대구,3.466666666666667,62,1,1,1,4737,0.4737
대구,3.0,62,1,0,1,4737,0.4737
인천,3.7333333333333334,62,1,1,1,10645,1.0645
인천,1.4666666666666666,62,1,1,1,10645,1.0645
인천,2.0,62,1,0,1,10645,1.0645
인천,3.466666666666667,62,1,0,1,10645,1.0645
광주,2.533333333333333,62,1,1,1,3081,0.3081
광주,2.2,62,1,1,1,3081,0.3081
대전,2.6,62,1,1,1,3012,0.3012
울산,3.8666666666666667,62,1,1,1,2904,0.2904
울산,4.0,62,1,1,1,2904,0.2904
울산,4.2,62,1,1,1,2904,0.2904
세종,3.933333333333333,62,1,1,2,754,0.0754
세종,3.2666666666666666,62,1,0,2,754,0.0754
세종,3.6666666666666665,62,1,1,3,754,0.0754
경기,3.6,62,1,1,2,46581,4.6581
경기,2.933333333333333,62,1,1,2,46581,4.6581
경기,3.466666666666667,62,1,1,2,46581,4.6581
경기,3.7333333333333334,62,1,1,2,46581,4.6581
경기,3.6666666666666665,62,1,1,2,46581,4.6581
경기,3.8666666666666667,62,1,1,2,46581,4.6581
경기,3.066666666666667,62,1,1,2,46581,4.6581
경기,3.2666666666666666,62,1,1,2,46581,4.6581
경기,3.2666666666666666,62,1,1,2,46581,4.6581
경기,4.0,62,1,1,3,46581,4.6581
경기,3.533333333333333,62,1,1,3,46581,4.6581
서울,3.2666666666666666,63,0,1,1,23251,2.3251
서울,3.533333333333333,63,0,1,1,23251,2.3251
강원,3.533333333333333,63,0,1,2,3611,0.3611
강원,3.4,63,0,1,2,3611,0.3611
강원,3.8,63,0,1,3,3611,0.3611
충북,3.466666666666667,63,0,1,2,5059,0.5059
충북,2.8,63,0,1,2,5059,0.5059
충북,2.533333333333333,63,0,1,3,5059,0.5059
충북,2.6,63,0,1,3,5059,0.5059
충북,2.533333333333333,63,0,1,3,5059,0.5059
충남,3.2,63,0,1,2,8534,0.8534
충남,3.2666666666666666,63,0,0,2,8534,0.8534
충남,2.6666666666666665,63,0,1,3,8534,0.8534
충남,4.0,63,0,1,3,8534,0.8534
전북,3.2,63,0,1,2,5218,0.5218
전북,3.533333333333333,63,0,1,2,5218,0.5218
전북,2.8666666666666667,63,0,1,3,5218,0.5218
전북,4.133333333333334,63,0,1,3,5218,0.5218
전북,3.1333333333333333,63,0,1,3,5218,0.5218
전남,1.7333333333333334,63,0,1,2,6055,0.6055
전남,3.2,63,0,1,2,6055,0.6055
전남,3.2666666666666666,63,0,1,3,6055,0.6055
전남,3.8666666666666667,63,0,1,3,6055,0.6055
전남,3.8,63,0,0,3,6055,0.6055
경북,5.133333333333334,63,0,1,2,7071,0.7071
경북,4.2,63,0,1,2,7071,0.7071
경북,2.6,63,0,1,3,7071,0.7071
경북,3.3333333333333335,63,0,1,3,7071,0.7071
경남,2.8,63,0,1,2,8711,0.8711
경남,2.6,63,0,1,2,8711,0.8711
경남,3.533333333333333,63,0,1,3,8711,0.8711
부산,2.533333333333333,63,0,1,1,5998,0.5998
대구,2.6666666666666665,63,0,1,1,4737,0.4737
대구,3.466666666666667,63,0,1,1,4737,0.4737
대구,3.8,63,0,1,1,4737,0.4737
인천,3.8666666666666667,63,0,1,1,10645,1.0645
인천,4.533333333333333,63,0,1,1,10645,1.0645
인천,3.3333333333333335,63,0,1,1,10645,1.0645
인천,2.6,63,0,1,1,10645,1.0645
인천,1.7333333333333334,63,0,0,1,10645,1.0645
대전,2.6,63,0,1,1,3012,0.3012
대전,3.466666666666667,63,0,1,1,3012,0.3012
울산,4.066666666666666,63,0,1,1,2904,0.2904
경기,4.866666666666666,63,0,1,2,46581,4.6581
경기,2.8666666666666667,63,0,1,2,46581,4.6581
경기,3.1333333333333333,63,0,1,2,46581,4.6581
경기,3.466666666666667,63,0,1,2,46581,4.6581
경기,3.933333333333333,63,0,1,2,46581,4.6581
경기,3.2666666666666666,63,0,1,2,46581,4.6581
경기,3.8666666666666667,63,0,1,2,46581,4.6581
경기,3.4,63,0,1,3,46581,4.6581
서울,3.3333333333333335,63,1,1,1,23251,2.3251
서울,2.8666666666666667,63,1,1,1,23251,2.3251
서울,3.0,63,1,1,1,23251,2.3251
서울,2.2666666666666666,63,1,1,1,23251,2.3251
강원,2.2,63,1,1,2,3611,0.3611
강원,3.2666666666666666,63,1,1,2,3611,0.3611
강원,2.533333333333333,63,1,1,2,3611,0.3611
강원,3.6666666666666665,63,1,1,2,3611,0.3611
강원,2.6,63,1,1,2,3611,0.3611
강원,3.7333333333333334,63,1,0,2,3611,0.3611
강원,3.2,63,1,1,3,3611,0.3611
강원,3.466666666666667,63,1,1,3,3611,0.3611
강원,3.066666666666667,63,1,1,3,3611,0.3611
강원,4.0,63,1,1,3,3611,0.3611
충북,5.533333333333333,63,1,1,2,5059,0.5059
충북,2.8,63,1,1,2,5059,0.5059
충북,3.3333333333333335,63,1,1,3,5059,0.5059
충남,4.533333333333333,63,1,0,2,8534,0.8534
충남,3.066666666666667,63,1,1,3,8534,0.8534
충남,2.533333333333333,63,1,1,3,8534,0.8534
전북,4.2,63,1,1,2,5218,0.5218
전북,2.533333333333333,63,1,1,2,5218,0.5218
전북,4.133333333333334,63,1,1,3,5218,0.5218
전북,2.8,63,1,1,3,5218,0.5218
전남,3.1333333333333333,63,1,1,3,6055,0.6055
전남,2.8666666666666667,63,1,1,3,6055,0.6055
경북,3.533333333333333,63,1,1,2,7071,0.7071
경북,4.066666666666666,63,1,1,2,7071,0.7071
경북,3.2,63,1,1,2,7071,0.7071
경북,3.1333333333333333,63,1,1,2,7071,0.7071
경북,3.1333333333333333,63,1,1,2,7071,0.7071
경북,3.066666666666667,63,1,1,3,7071,0.7071
경북,3.6666666666666665,63,1,1,3,7071,0.7071
경남,3.4,63,1,1,3,8711,0.8711
제주,3.466666666666667,63,1,1,2,2623,0.2623
제주,4.0,63,1,1,2,2623,0.2623
부산,3.466666666666667,63,1,1,1,5998,0.5998
부산,3.533333333333333,63,1,1,1,5998,0.5998
대구,3.4,63,1,1,1,4737,0.4737
대구,3.0,63,1,1,1,4737,0.4737
대구,3.2,63,1,1,1,4737,0.4737
대구,3.533333333333333,63,1,1,1,4737,0.4737
대구,3.3333333333333335,63,1,1,1,4737,0.4737
대구,3.2,63,1,1,1,4737,0.4737
인천,4.866666666666666,63,1,1,1,10645,1.0645
인천,3.7333333333333334,63,1,1,1,10645,1.0645
인천,1.4666666666666666,63,1,0,1,10645,1.0645
광주,4.666666666666667,63,1,1,1,3081,0.3081
광주,4.8,63,1,1,1,3081,0.3081
대전,3.6,63,1,1,1,3012,0.3012
대전,3.466666666666667,63,1,1,1,3012,0.3012
대전,3.4,63,1,1,1,3012,0.3012
대전,3.0,63,1,1,1,3012,0.3012
대전,3.6666666666666665,63,1,1,1,3012,0.3012
울산,3.466666666666667,63,1,1,1,2904,0.2904
울산,2.933333333333333,63,1,1,1,2904,0.2904
세종,4.666666666666667,63,1,1,3,754,0.0754
경기,3.6,63,1,1,2,46581,4.6581
경기,2.933333333333333,63,1,1,2,46581,4.6581
경기,3.8,63,1,1,2,46581,4.6581
경기,3.3333333333333335,63,1,1,2,46581,4.6581
경기,3.466666666666667,63,1,1,2,46581,4.6581
경기,3.2,63,1,0,2,46581,4.6581
서울,3.533333333333333,64,0,1,1,23251,2.3251
서울,3.6,64,0,1,1,23251,2.3251
강원,2.2,64,0,1,3,3611,0.3611
충북,3.7333333333333334,64,0,1,2,5059,0.5059
충북,3.8666666666666667,64,0,1,2,5059,0.5059
충북,2.4,64,0,1,2,5059,0.5059
충북,3.6666666666666665,64,0,1,3,5059,0.5059
충북,3.933333333333333,64,0,1,3,5059,0.5059
충북,2.933333333333333,64,0,0,3,5059,0.5059
충남,2.533333333333333,64,0,1,2,8534,0.8534
충남,2.6,64,0,1,2,8534,0.8534
충남,2.3333333333333335,64,0,1,3,8534,0.8534
충남,2.6666666666666665,64,0,1,3,8534,0.8534
충남,2.6,64,0,1,3,8534,0.8534
전북,2.2,64,0,1,2,5218,0.5218
전북,3.3333333333333335,64,0,1,2,5218,0.5218
전북,3.6,64,0,1,2,5218,0.5218
전북,3.6666666666666665,64,0,1,2,5218,0.5218
전북,3.6,64,0,1,3,5218,0.5218
전북,4.266666666666667,64,0,1,3,5218,0.5218
전북,2.7333333333333334,64,0,1,3,5218,0.5218
전북,3.2666666666666666,64,0,1,3,5218,0.5218
전남,3.6,64,0,1,2,6055,0.6055
전남,3.4,64,0,1,2,6055,0.6055
전남,3.6666666666666665,64,0,1,2,6055,0.6055
경북,3.0,64,0,1,2,7071,0.7071
경북,3.6,64,0,1,3,7071,0.7071
경북,3.466666666666667,64,0,1,3,7071,0.7071
경북,4.8,64,0,1,3,7071,0.7071
경북,3.2,64,0,0,3,7071,0.7071
경남,3.4,64,0,1,2,8711,0.8711
경남,2.933333333333333,64,0,1,2,8711,0.8711
경남,3.933333333333333,64,0,0,2,8711,0.8711
경남,2.6666666666666665,64,0,1,3,8711,0.8711
경남,2.1333333333333333,64,0,1,3,8711,0.8711
부산,3.7333333333333334,64,0,1,1,5998,0.5998
부산,3.6666666666666665,64,0,1,1,5998,0.5998
부산,3.1333333333333333,64,0,1,1,5998,0.5998
대구,3.533333333333333,64,0,1,1,4737,0.4737
대구,4.066666666666666,64,0,1,1,4737,0.4737
대구,3.1333333333333333,64,0,1,1,4737,0.4737
인천,2.066666666666667,64,0,1,1,10645,1.0645
인천,2.466666666666667,64,0,1,1,10645,1.0645
인천,1.2666666666666666,64,0,1,1,10645,1.0645
인천,4.933333333333334,64,0,1,1,10645,1.0645
광주,3.0,64,0,1,1,3081,0.3081
광주,4.333333333333333,64,0,1,1,3081,0.3081
대전,2.533333333333333,64,0,1,1,3012,0.3012
대전,3.533333333333333,64,0,1,1,3012,0.3012
대전,2.8,64,0,1,1,3012,0.3012
대전,3.8666666666666667,64,0,0,1,3012,0.3012
울산,3.2,64,0,1,1,2904,0.2904
울산,3.7333333333333334,64,0,1,1,2904,0.2904
울산,3.6,64,0,1,1,2904,0.2904
울산,5.066666666666666,64,0,1,1,2904,0.2904
울산,4.333333333333333,64,0,1,1,2904,0.2904
경기,3.533333333333333,64,0,1,2,46581,4.6581
경기,3.6,64,0,1,2,46581,4.6581
경기,3.4,64,0,1,2,46581,4.6581
경기,3.6666666666666665,64,0,1,2,46581,4.6581
경기,4.0,64,0,1,2,46581,4.6581
경기,3.466666666666667,64,0,1,2,46581,4.6581
경기,3.3333333333333335,64,0,1,2,46581,4.6581
경기,4.266666666666667,64,0,1,2,46581,4.6581
경기,3.0,64,0,0,2,46581,4.6581
경기,4.666666666666667,64,0,1,3,46581,4.6581
경기,3.8666666666666667,64,0,1,3,46581,4.6581
경기,3.466666666666667,64,0,1,3,46581,4.6581
경기,3.466666666666667,64,0,1,3,46581,4.6581
서울,3.8,64,1,1,1,23251,2.3251
서울,3.066666666666667,64,1,1,1,23251,2.3251
서울,3.0,64,1,1,1,23251,2.3251
서울,3.4,64,1,1,1,23251,2.3251
서울,3.2,64,1,1,1,23251,2.3251
서울,3.066666666666667,64,1,1,1,23251,2.3251
서울,3.3333333333333335,64,1,1,1,23251,2.3251
서울,3.2666666666666666,64,1,1,1,23251,2.3251
서울,3.4,64,1,0,1,23251,2.3251
강원,2.6,64,1,1,2,3611,0.3611
강원,2.8666666666666667,64,1,1,2,3611,0.3611
강원,1.8666666666666667,64,1,1,2,3611,0.3611
강원,2.7333333333333334,64,1,1,2,3611,0.3611
강원,2.933333333333333,64,1,0,2,3611,0.3611
강원,2.933333333333333,64,1,1,3,3611,0.3611
충북,2.4,64,1,1,2,5059,0.5059
충북,3.466666666666667,64,1,1,2,5059,0.5059
충북,3.3333333333333335,64,1,1,3,5059,0.5059
충북,4.4,64,1,1,3,5059,0.5059
충북,3.6,64,1,1,3,5059,0.5059
충남,2.2666666666666666,64,1,1,3,8534,0.8534
충남,3.0,64,1,1,3,8534,0.8534
전북,2.466666666666667,64,1,1,2,5218,0.5218
전북,3.3333333333333335,64,1,1,2,5218,0.5218
전북,2.6666666666666665,64,1,1,3,5218,0.5218
전남,3.466666666666667,64,1,1,2,6055,0.6055
전남,3.1333333333333333,64,1,1,3,6055,0.6055
전남,4.466666666666667,64,1,0,3,6055,0.6055
전남,3.8666666666666667,64,1,0,3,6055,0.6055
전남,4.4,64,1,0,3,6055,0.6055
경북,4.066666666666666,64,1,1,2,7071,0.7071
경북,3.4,64,1,1,2,7071,0.7071
경북,3.2666666666666666,64,1,1,3,7071,0.7071
경북,4.133333333333334,64,1,1,3,7071,0.7071
경남,3.6666666666666665,64,1,1,2,8711,0.8711
경남,3.1333333333333333,64,1,1,2,8711,0.8711
경남,4.266666666666667,64,1,1,2,8711,0.8711
경남,3.066666666666667,64,1,1,3,8711,0.8711
제주,4.4,64,1,1,3,2623,0.2623
부산,1.6666666666666667,64,1,1,1,5998,0.5998
부산,3.7333333333333334,64,1,1,1,5998,0.5998
부산,2.6666666666666665,64,1,1,1,5998,0.5998
부산,2.933333333333333,64,1,1,1,5998,0.5998
부산,3.2,64,1,1,1,5998,0.5998
부산,3.6666666666666665,64,1,1,1,5998,0.5998
부산,3.933333333333333,64,1,1,1,5998,0.5998
부산,3.466666666666667,64,1,1,1,5998,0.5998
부산,2.8666666666666667,64,1,1,1,5998,0.5998
대구,4.4,64,1,1,1,4737,0.4737
대구,3.0,64,1,1,1,4737,0.4737
대구,2.933333333333333,64,1,1,1,4737,0.4737
대구,3.7333333333333334,64,1,1,1,4737,0.4737
대구,3.066666666666667,64,1,1,1,4737,0.4737
대구,3.8666666666666667,64,1,0,1,4737,0.4737
인천,3.1333333333333333,64,1,1,1,10645,1.0645
인천,3.2666666666666666,64,1,1,1,10645,1.0645
인천,2.933333333333333,64,1,1,1,10645,1.0645
인천,2.7333333333333334,64,1,0,1,10645,1.0645
광주,3.7333333333333334,64,1,1,1,3081,0.3081
광주,3.2666666666666666,64,1,1,1,3081,0.3081
광주,3.2,64,1,1,1,3081,0.3081
광주,3.2666666666666666,64,1,1,1,3081,0.3081
광주,2.6,64,1,0,1,3081,0.3081
대전,2.8,64,1,1,1,3012,0.3012
대전,4.066666666666666,64,1,1,1,3012,0.3012
울산,2.2,64,1,1,1,2904,0.2904
경기,2.7333333333333334,64,1,1,2,46581,4.6581
경기,3.2,64,1,1,2,46581,4.6581
경기,2.8,64,1,1,2,46581,4.6581
경기,3.533333333333333,64,1,1,2,46581,4.6581
경기,3.533333333333333,64,1,1,2,46581,4.6581
경기,3.7333333333333334,64,1,1,2,46581,4.6581
경기,3.3333333333333335,64,1,1,2,46581,4.6581
경기,3.2,64,1,1,2,46581,4.6581
경기,3.533333333333333,64,1,0,2,46581,4.6581
경기,3.0,64,1,1,3,46581,4.6581
서울,3.0,65,0,1,1,23251,2.3251
서울,3.1333333333333333,65,0,1,1,23251,2.3251
서울,2.533333333333333,65,0,1,1,23251,2.3251
서울,3.8,65,0,1,1,23251,2.3251
서울,3.466666666666667,65,0,1,1,23251,2.3251
서울,3.533333333333333,65,0,1,1,23251,2.3251
서울,4.133333333333334,65,0,1,1,23251,2.3251
서울,3.1333333333333333,65,0,1,1,23251,2.3251
서울,3.2666666666666666,65,0,1,1,23251,2.3251
서울,3.4,65,0,1,1,23251,2.3251
서울,3.8,65,0,1,1,23251,2.3251
서울,3.466666666666667,65,0,1,1,23251,2.3251
서울,4.266666666666667,65,0,1,1,23251,2.3251
서울,2.066666666666667,65,0,1,1,23251,2.3251
강원,3.8666666666666667,65,0,1,3,3611,0.3611
충북,4.733333333333333,65,0,1,2,5059,0.5059
충북,3.0,65,0,1,3,5059,0.5059
충남,3.1333333333333333,65,0,0,2,8534,0.8534
충남,2.3333333333333335,65,0,1,3,8534,0.8534
충남,3.0,65,0,1,3,8534,0.8534
전북,2.933333333333333,65,0,1,2,5218,0.5218
전북,3.1333333333333333,65,0,1,2,5218,0.5218
전북,3.6,65,0,1,3,5218,0.5218
전북,3.8,65,0,1,3,5218,0.5218
전남,2.533333333333333,65,0,1,3,6055,0.6055
전남,3.3333333333333335,65,0,1,3,6055,0.6055
전남,3.7333333333333334,65,0,1,3,6055,0.6055
전남,2.6666666666666665,65,0,1,3,6055,0.6055
전남,3.7333333333333334,65,0,0,3,6055,0.6055
경북,3.0,65,0,1,3,7071,0.7071
경북,3.466666666666667,65,0,1,3,7071,0.7071
경북,4.133333333333334,65,0,1,3,7071,0.7071
경북,3.1333333333333333,65,0,1,3,7071,0.7071
경남,3.533333333333333,65,0,1,2,8711,0.8711
경남,3.3333333333333335,65,0,1,2,8711,0.8711
경남,3.6666666666666665,65,0,1,3,8711,0.8711
경남,2.8,65,0,1,3,8711,0.8711
제주,3.066666666666667,65,0,1,2,2623,0.2623
제주,3.6666666666666665,65,0,1,3,2623,0.2623
부산,3.533333333333333,65,0,1,1,5998,0.5998
부산,2.8666666666666667,65,0,1,1,5998,0.5998
부산,3.7333333333333334,65,0,1,1,5998,0.5998
부산,3.6,65,0,1,1,5998,0.5998
부산,3.533333333333333,65,0,1,1,5998,0.5998
부산,3.533333333333333,65,0,1,1,5998,0.5998
대구,3.0,65,0,1,1,4737,0.4737
대구,3.2666666666666666,65,0,1,1,4737,0.4737
인천,2.933333333333333,65,0,1,1,10645,1.0645
광주,3.2666666666666666,65,0,1,1,3081,0.3081
광주,2.6666666666666665,65,0,1,1,3081,0.3081
광주,2.466666666666667,65,0,1,1,3081,0.3081
광주,4.066666666666666,65,0,1,1,3081,0.3081
광주,3.4,65,0,1,1,3081,0.3081
광주,3.4,65,0,1,1,3081,0.3081
대전,2.2666666666666666,65,0,1,1,3012,0.3012
대전,3.1333333333333333,65,0,1,1,3012,0.3012
대전,2.6666666666666665,65,0,1,1,3012,0.3012
대전,3.1333333333333333,65,0,1,1,3012,0.3012
울산,4.066666666666666,65,0,1,1,2904,0.2904
경기,3.2666666666666666,65,0,1,2,46581,4.6581
경기,3.6,65,0,1,2,46581,4.6581
경기,4.0,65,0,1,2,46581,4.6581
경기,3.0,65,0,1,2,46581,4.6581
경기,4.066666666666666,65,0,1,2,46581,4.6581
경기,4.333333333333333,65,0,1,2,46581,4.6581
경기,3.533333333333333,65,0,1,3,46581,4.6581
서울,3.4,65,1,1,1,23251,2.3251
서울,3.2666666666666666,65,1,1,1,23251,2.3251
서울,3.466666666666667,65,1,1,1,23251,2.3251
서울,4.066666666666666,65,1,1,1,23251,2.3251
서울,3.2666666666666666,65,1,1,1,23251,2.3251
서울,3.066666666666667,65,1,1,1,23251,2.3251
서울,3.533333333333333,65,1,1,1,23251,2.3251
강원,3.3333333333333335,65,1,1,2,3611,0.3611
강원,2.933333333333333,65,1,1,2,3611,0.3611
강원,3.8,65,1,0,2,3611,0.3611
강원,3.4,65,1,1,3,3611,0.3611
강원,3.466666666666667,65,1,1,3,3611,0.3611
충북,2.933333333333333,65,1,1,3,5059,0.5059
충북,4.2,65,1,1,3,5059,0.5059
충북,2.6666666666666665,65,1,1,3,5059,0.5059
충남,3.2666666666666666,65,1,1,2,8534,0.8534
충남,2.6,65,1,1,2,8534,0.8534
충남,3.2,65,1,0,2,8534,0.8534
충남,3.6666666666666665,65,1,1,3,8534,0.8534
충남,3.066666666666667,65,1,1,3,8534,0.8534
충남,2.933333333333333,65,1,1,3,8534,0.8534
전북,3.1333333333333333,65,1,1,2,5218,0.5218
전북,3.933333333333333,65,1,1,2,5218,0.5218
전북,3.533333333333333,65,1,1,2,5218,0.5218
전북,3.2,65,1,1,2,5218,0.5218
전북,4.133333333333334,65,1,1,2,5218,0.5218
경북,2.533333333333333,65,1,1,2,7071,0.7071
경북,3.466666666666667,65,1,1,2,7071,0.7071
경북,3.2,65,1,1,3,7071,0.7071
경북,3.2666666666666666,65,1,1,3,7071,0.7071
경북,2.8,65,1,1,3,7071,0.7071
경북,3.533333333333333,65,1,1,3,7071,0.7071
경남,3.6,65,1,1,2,8711,0.8711
경남,2.6666666666666665,65,1,1,3,8711,0.8711
경남,3.8,65,1,1,3,8711,0.8711
경남,3.1333333333333333,65,1,1,3,8711,0.8711
제주,3.7333333333333334,65,1,1,2,2623,0.2623
제주,3.7333333333333334,65,1,1,2,2623,0.2623
제주,3.933333333333333,65,1,0,2,2623,0.2623
부산,2.8,65,1,1,1,5998,0.5998
부산,2.8666666666666667,65,1,1,1,5998,0.5998
부산,2.8666666666666667,65,1,1,1,5998,0.5998
부산,3.0,65,1,1,1,5998,0.5998
대구,1.8,65,1,1,1,4737,0.4737
대구,3.6,65,1,1,1,4737,0.4737
대구,3.466666666666667,65,1,1,1,4737,0.4737
대구,4.2,65,1,1,1,4737,0.4737
대구,2.933333333333333,65,1,1,1,4737,0.4737
인천,3.7333333333333334,65,1,1,1,10645,1.0645
인천,1.4,65,1,0,1,10645,1.0645
인천,2.8,65,1,0,1,10645,1.0645
인천,1.7333333333333334,65,1,0,1,10645,1.0645
광주,2.3333333333333335,65,1,1,1,3081,0.3081
광주,2.8,65,1,1,1,3081,0.3081
대전,3.533333333333333,65,1,1,1,3012,0.3012
대전,2.533333333333333,65,1,1,1,3012,0.3012
대전,3.2666666666666666,65,1,1,1,3012,0.3012
대전,3.066666666666667,65,1,1,1,3012,0.3012
울산,3.0,65,1,1,1,2904,0.2904
울산,3.1333333333333333,65,1,1,1,2904,0.2904
울산,2.933333333333333,65,1,1,1,2904,0.2904
세종,3.6666666666666665,65,1,1,2,754,0.0754
세종,3.6666666666666665,65,1,1,2,754,0.0754
경기,3.466666666666667,65,1,1,2,46581,4.6581
경기,2.8666666666666667,65,1,1,2,46581,4.6581
경기,3.466666666666667,65,1,1,2,46581,4.6581
경기,4.0,65,1,1,2,46581,4.6581
경기,3.6666666666666665,65,1,1,2,46581,4.6581
경기,3.2,65,1,1,2,46581,4.6581
경기,4.133333333333334,65,1,1,2,46581,4.6581
서울,2.8666666666666667,66,0,1,1,23251,2.3251
서울,3.6666666666666665,66,0,1,1,23251,2.3251
서울,3.933333333333333,66,0,1,1,23251,2.3251
서울,3.6666666666666665,66,0,1,1,23251,2.3251
서울,3.4,66,0,1,1,23251,2.3251
서울,3.7333333333333334,66,0,1,1,23251,2.3251
서울,1.8666666666666667,66,0,1,1,23251,2.3251
강원,3.6666666666666665,66,0,1,3,3611,0.3611
강원,3.6,66,0,1,3,3611,0.3611
충북,3.1333333333333333,66,0,1,3,5059,0.5059
충남,2.933333333333333,66,0,0,2,8534,0.8534
전북,2.8,66,0,1,3,5218,0.5218
경북,2.466666666666667,66,0,1,2,7071,0.7071
경북,3.0,66,0,1,2,7071,0.7071
경북,3.2666666666666666,66,0,1,3,7071,0.7071
경남,3.3333333333333335,66,0,1,2,8711,0.8711
경남,3.066666666666667,66,0,1,3,8711,0.8711
제주,1.2,66,0,1,2,2623,0.2623
부산,2.2,66,0,1,1,5998,0.5998
부산,2.466666666666667,66,0,1,1,5998,0.5998
부산,3.3333333333333335,66,0,1,1,5998,0.5998
부산,3.4,66,0,1,1,5998,0.5998
부산,3.6,66,0,1,1,5998,0.5998
인천,4.0,66,0,1,1,10645,1.0645
광주,2.1333333333333333,66,0,1,1,3081,0.3081
광주,2.0,66,0,1,1,3081,0.3081
광주,2.533333333333333,66,0,0,1,3081,0.3081
대전,4.466666666666667,66,0,1,1,3012,0.3012
경기,3.8666666666666667,66,0,1,2,46581,4.6581
경기,3.7333333333333334,66,0,1,2,46581,4.6581
경기,3.3333333333333335,66,0,1,2,46581,4.6581
경기,3.6,66,0,1,2,46581,4.6581
경기,3.6666666666666665,66,0,1,2,46581,4.6581
경기,3.2666666666666666,66,0,1,2,46581,4.6581
경기,3.933333333333333,66,0,0,2,46581,4.6581
서울,2.7333333333333334,66,1,1,1,23251,2.3251
서울,2.466666666666667,66,1,1,1,23251,2.3251
서울,3.2,66,1,1,1,23251,2.3251
서울,3.0,66,1,1,1,23251,2.3251
서울,3.4,66,1,1,1,23251,2.3251
서울,3.2666666666666666,66,1,1,1,23251,2.3251
서울,3.3333333333333335,66,1,1,1,23251,2.3251
서울,3.4,66,1,1,1,23251,2.3251
서울,2.1333333333333333,66,1,1,1,23251,2.3251
강원,2.2666666666666666,66,1,1,3,3611,0.3611
충북,3.6,66,1,1,2,5059,0.5059
충북,2.8,66,1,1,2,5059,0.5059
충북,2.3333333333333335,66,1,1,2,5059,0.5059
충북,2.6666666666666665,66,1,1,2,5059,0.5059
충북,4.866666666666666,66,1,1,3,5059,0.5059
충남,2.2666666666666666,66,1,1,2,8534,0.8534
충남,2.533333333333333,66,1,1,3,8534,0.8534
충남,2.8,66,1,0,3,8534,0.8534
전북,3.533333333333333,66,1,1,2,5218,0.5218
전북,2.6666666666666665,66,1,1,2,5218,0.5218
전북,3.0,66,1,1,2,5218,0.5218
전남,2.8666666666666667,66,1,1,3,6055,0.6055
전남,4.0,66,1,1,3,6055,0.6055
전남,2.6,66,1,1,3,6055,0.6055
전남,2.8666666666666667,66,1,1,3,6055,0.6055
전남,4.133333333333334,66,1,0,3,6055,0.6055
경북,4.4,66,1,1,3,7071,0.7071
경북,4.4,66,1,1,3,7071,0.7071
경북,3.933333333333333,66,1,1,3,7071,0.7071
경북,3.7333333333333334,66,1,1,3,7071,0.7071
경북,3.2666666666666666,66,1,1,3,7071,0.7071
경남,3.6,66,1,1,3,8711,0.8711
경남,3.466666666666667,66,1,1,3,8711,0.8711
경남,4.0,66,1,1,3,8711,0.8711
제주,3.6666666666666665,66,1,1,2,2623,0.2623
부산,3.8,66,1,1,1,5998,0.5998
부산,2.533333333333333,66,1,1,1,5998,0.5998
부산,3.3333333333333335,66,1,1,1,5998,0.5998
부산,2.466666666666667,66,1,1,1,5998,0.5998
부산,2.2,66,1,1,1,5998,0.5998
부산,3.6666666666666665,66,1,1,1,5998,0.5998
부산,3.466666666666667,66,1,1,1,5998,0.5998
부산,3.2666666666666666,66,1,1,1,5998,0.5998
부산,4.333333333333333,66,1,1,1,5998,0.5998
대구,2.933333333333333,66,1,1,1,4737,0.4737
인천,2.466666666666667,66,1,1,1,10645,1.0645
인천,3.4,66,1,1,1,10645,1.0645
광주,3.1333333333333333,66,1,1,1,3081,0.3081
대전,3.7333333333333334,66,1,1,1,3012,0.3012
대전,3.2,66,1,1,1,3012,0.3012
대전,2.8666666666666667,66,1,1,1,3012,0.3012
대전,3.6,66,1,1,1,3012,0.3012
울산,3.0,66,1,1,1,2904,0.2904
울산,3.6666666666666665,66,1,1,1,2904,0.2904
울산,4.466666666666667,66,1,0,1,2904,0.2904
경기,4.266666666666667,66,1,1,2,46581,4.6581
경기,3.8666666666666667,66,1,1,2,46581,4.6581
경기,3.3333333333333335,66,1,1,2,46581,4.6581
경기,3.1333333333333333,66,1,1,2,46581,4.6581
경기,3.466666666666667,66,1,1,2,46581,4.6581
경기,3.2,66,1,1,2,46581,4.6581
경기,3.8666666666666667,66,1,0,2,46581,4.6581
경기,2.6666666666666665,66,1,0,2,46581,4.6581
서울,3.8666666666666667,67,0,1,1,23251,2.3251
서울,2.8,67,0,1,1,23251,2.3251
서울,3.066666666666667,67,0,1,1,23251,2.3251
서울,2.933333333333333,67,0,1,1,23251,2.3251
강원,2.466666666666667,67,0,1,3,3611,0.3611
강원,2.4,67,0,1,3,3611,0.3611
강원,1.9333333333333333,67,0,1,3,3611,0.3611
충북,2.8666666666666667,67,0,1,3,5059,0.5059
충남,3.3333333333333335,67,0,1,2,8534,0.8534
충남,2.533333333333333,67,0,1,3,8534,0.8534
충남,2.6666666666666665,67,0,1,3,8534,0.8534
전북,4.2,67,0,1,2,5218,0.5218
전남,3.1333333333333333,67,0,1,2,6055,0.6055
경북,3.4,67,0,1,2,7071,0.7071
경북,3.8,67,0,1,3,7071,0.7071
경북,3.2666666666666666,67,0,0,3,7071,0.7071
경남,3.2,67,0,1,2,8711,0.8711
부산,3.2666666666666666,67,0,1,1,5998,0.5998
대구,2.6666666666666665,67,0,1,1,4737,0.4737
대구,3.8,67,0,1,1,4737,0.4737
대구,3.1333333333333333,67,0,1,1,4737,0.4737
인천,5.0,67,0,1,1,10645,1.0645
인천,3.7333333333333334,67,0,1,1,10645,1.0645
인천,3.7333333333333334,67,0,1,1,10645,1.0645
인천,2.1333333333333333,67,0,0,1,10645,1.0645
광주,2.6666666666666665,67,0,1,1,3081,0.3081
대전,3.8666666666666667,67,0,1,1,3012,0.3012
울산,4.533333333333333,67,0,1,1,2904,0.2904
경기,2.8666666666666667,67,0,1,2,46581,4.6581
경기,3.066666666666667,67,0,1,2,46581,4.6581
경기,3.2,67,0,1,2,46581,4.6581
경기,4.0,67,0,0,2,46581,4.6581
경기,3.0,67,0,1,3,46581,4.6581
서울,4.0,67,1,1,1,23251,2.3251
서울,3.8666666666666667,67,1,1,1,23251,2.3251
서울,2.466666666666667,67,1,1,1,23251,2.3251
서울,3.3333333333333335,67,1,1,1,23251,2.3251
서울,3.066666666666667,67,1,1,1,23251,2.3251
서울,3.4,67,1,1,1,23251,2.3251
서울,3.1333333333333333,67,1,1,1,23251,2.3251
서울,3.3333333333333335,67,1,1,1,23251,2.3251
서울,2.2666666666666666,67,1,0,1,23251,2.3251
강원,3.6666666666666665,67,1,1,2,3611,0.3611
강원,2.533333333333333,67,1,1,3,3611,0.3611
강원,4.333333333333333,67,1,1,3,3611,0.3611
충북,3.2,67,1,1,2,5059,0.5059
충북,1.8,67,1,1,2,5059,0.5059
충남,3.7333333333333334,67,1,1,2,8534,0.8534
충남,2.8666666666666667,67,1,1,2,8534,0.8534
충남,3.3333333333333335,67,1,0,2,8534,0.8534
전북,2.533333333333333,67,1,1,2,5218,0.5218
전북,3.1333333333333333,67,1,1,2,5218,0.5218
전북,3.4,67,1,1,2,5218,0.5218
전북,4.0,67,1,1,2,5218,0.5218
전북,3.466666666666667,67,1,1,2,5218,0.5218
전북,2.6,67,1,0,2,5218,0.5218
전북,3.8,67,1,1,3,5218,0.5218
전북,3.6,67,1,1,3,5218,0.5218
전남,3.7333333333333334,67,1,1,2,6055,0.6055
전남,3.0,67,1,1,2,6055,0.6055
전남,4.333333333333333,67,1,1,3,6055,0.6055
경북,2.6,67,1,1,2,7071,0.7071
경북,2.3333333333333335,67,1,1,2,7071,0.7071
경북,2.8,67,1,1,2,7071,0.7071
경북,3.466666666666667,67,1,1,3,7071,0.7071
경북,3.7333333333333334,67,1,1,3,7071,0.7071
경북,3.2666666666666666,67,1,0,3,7071,0.7071
경남,3.0,67,1,1,2,8711,0.8711
경남,2.8,67,1,1,2,8711,0.8711
경남,2.933333333333333,67,1,1,2,8711,0.8711
경남,2.7333333333333334,67,1,1,2,8711,0.8711
경남,2.8666666666666667,67,1,1,2,8711,0.8711
경남,2.8666666666666667,67,1,1,3,8711,0.8711
제주,2.933333333333333,67,1,1,2,2623,0.2623
제주,4.4,67,1,0,2,2623,0.2623
부산,2.6,67,1,1,1,5998,0.5998
부산,2.8666666666666667,67,1,1,1,5998,0.5998
부산,3.4,67,1,1,1,5998,0.5998
대구,3.8,67,1,1,1,4737,0.4737
대구,3.466666666666667,67,1,1,1,4737,0.4737
대구,3.7333333333333334,67,1,1,1,4737,0.4737
대구,2.8666666666666667,67,1,0,1,4737,0.4737
인천,2.1333333333333333,67,1,0,1,10645,1.0645
광주,4.8,67,1,1,1,3081,0.3081
광주,3.1333333333333333,67,1,1,1,3081,0.3081
대전,2.466666666666667,67,1,1,1,3012,0.3012
대전,2.933333333333333,67,1,0,1,3012,0.3012
울산,4.466666666666667,67,1,1,1,2904,0.2904
세종,3.6,67,1,1,2,754,0.0754
세종,3.1333333333333333,67,1,1,2,754,0.0754
경기,2.933333333333333,67,1,1,2,46581,4.6581
경기,2.8666666666666667,67,1,1,2,46581,4.6581
경기,3.0,67,1,1,2,46581,4.6581
경기,3.533333333333333,67,1,1,2,46581,4.6581
경기,2.8666666666666667,67,1,1,2,46581,4.6581
경기,3.2,67,1,1,2,46581,4.6581
경기,3.2666666666666666,67,1,1,2,46581,4.6581
경기,3.4,67,1,1,2,46581,4.6581
경기,3.2666666666666666,67,1,1,2,46581,4.6581
경기,3.466666666666667,67,1,1,3,46581,4.6581
경기,3.2,67,1,1,3,46581,4.6581
서울,3.533333333333333,68,0,1,1,23251,2.3251
서울,4.0,68,0,1,1,23251,2.3251
서울,3.2666666666666666,68,0,1,1,23251,2.3251
서울,3.7333333333333334,68,0,1,1,23251,2.3251
강원,3.066666666666667,68,0,1,2,3611,0.3611
강원,4.066666666666666,68,0,1,3,3611,0.3611
강원,2.8,68,0,1,3,3611,0.3611
강원,3.3333333333333335,68,0,1,3,3611,0.3611
강원,5.0,68,0,0,3,3611,0.3611
충남,4.0,68,0,1,2,8534,0.8534
충남,2.933333333333333,68,0,1,2,8534,0.8534
충남,3.2666666666666666,68,0,1,3,8534,0.8534
충남,2.6,68,0,1,3,8534,0.8534
충남,3.2666666666666666,68,0,1,3,8534,0.8534
전북,3.4,68,0,1,3,5218,0.5218
전북,3.2666666666666666,68,0,1,3,5218,0.5218
전남,2.6,68,0,1,2,6055,0.6055
경북,2.6666666666666665,68,0,1,2,7071,0.7071
경북,3.1333333333333333,68,0,1,3,7071,0.7071
경북,3.1333333333333333,68,0,1,3,7071,0.7071
경남,3.6,68,0,0,2,8711,0.8711
경남,3.2666666666666666,68,0,1,3,8711,0.8711
경남,3.8,68,0,1,3,8711,0.8711
경남,3.2,68,0,1,3,8711,0.8711
부산,2.6666666666666665,68,0,1,1,5998,0.5998
부산,2.8666666666666667,68,0,1,1,5998,0.5998
대구,3.466666666666667,68,0,1,1,4737,0.4737
인천,3.3333333333333335,68,0,1,1,10645,1.0645
광주,3.2666666666666666,68,0,1,1,3081,0.3081
광주,1.5333333333333334,68,0,0,1,3081,0.3081
대전,2.3333333333333335,68,0,1,1,3012,0.3012
세종,3.533333333333333,68,0,1,2,754,0.0754
경기,4.266666666666667,68,0,1,2,46581,4.6581
경기,3.4,68,0,1,2,46581,4.6581
경기,4.066666666666666,68,0,1,3,46581,4.6581
서울,3.4,68,1,1,1,23251,2.3251
서울,3.066666666666667,68,1,1,1,23251,2.3251
서울,3.1333333333333333,68,1,1,1,23251,2.3251
서울,3.6,68,1,1,1,23251,2.3251
서울,3.466666666666667,68,1,1,1,23251,2.3251
서울,3.466666666666667,68,1,1,1,23251,2.3251
서울,3.933333333333333,68,1,1,1,23251,2.3251
서울,3.3333333333333335,68,1,1,1,23251,2.3251
서울,3.8,68,1,1,1,23251,2.3251
강원,3.6666666666666665,68,1,1,2,3611,0.3611
강원,3.2666666666666666,68,1,1,2,3611,0.3611
충북,2.8666666666666667,68,1,1,2,5059,0.5059
충북,3.4,68,1,1,3,5059,0.5059
충남,2.6666666666666665,68,1,1,2,8534,0.8534
충남,3.933333333333333,68,1,1,2,8534,0.8534
충남,3.1333333333333333,68,1,1,3,8534,0.8534
충남,2.466666666666667,68,1,1,3,8534,0.8534
충남,2.8,68,1,1,3,8534,0.8534
충남,2.466666666666667,68,1,1,3,8534,0.8534
충남,3.2,68,1,0,3,8534,0.8534
전북,3.2,68,1,1,2,5218,0.5218
전북,3.466666666666667,68,1,1,2,5218,0.5218
전북,4.066666666666666,68,1,1,2,5218,0.5218
전북,2.8,68,1,1,3,5218,0.5218
전북,3.8,68,1,1,3,5218,0.5218
전남,3.0,68,1,1,2,6055,0.6055
전남,3.3333333333333335,68,1,1,2,6055,0.6055
전남,2.6666666666666665,68,1,1,2,6055,0.6055
전남,3.933333333333333,68,1,1,3,6055,0.6055
전남,3.2,68,1,1,3,6055,0.6055
전남,2.8,68,1,1,3,6055,0.6055
전남,3.066666666666667,68,1,1,3,6055,0.6055
전남,3.1333333333333333,68,1,1,3,6055,0.6055
경북,3.1333333333333333,68,1,1,3,7071,0.7071
경북,2.533333333333333,68,1,1,3,7071,0.7071
경북,2.533333333333333,68,1,1,3,7071,0.7071
경북,3.0,68,1,1,3,7071,0.7071
경북,4.066666666666666,68,1,1,3,7071,0.7071
경북,3.2,68,1,0,3,7071,0.7071
경남,3.533333333333333,68,1,1,2,8711,0.8711
경남,3.3333333333333335,68,1,1,3,8711,0.8711
경남,2.7333333333333334,68,1,1,3,8711,0.8711
부산,2.4,68,1,1,1,5998,0.5998
부산,3.2666666666666666,68,1,1,1,5998,0.5998
부산,4.333333333333333,68,1,1,1,5998,0.5998
부산,2.8,68,1,1,1,5998,0.5998
대구,4.4,68,1,1,1,4737,0.4737
대구,2.6,68,1,1,1,4737,0.4737
인천,2.4,68,1,1,1,10645,1.0645
인천,2.0,68,1,0,1,10645,1.0645
인천,1.4666666666666666,68,1,0,1,10645,1.0645
광주,3.466666666666667,68,1,1,1,3081,0.3081
대전,2.6,68,1,1,1,3012,0.3012
세종,3.8666666666666667,68,1,1,2,754,0.0754
강원,4.333333333333333,69,0,1,3,3611,0.3611
강원,3.2666666666666666,69,0,1,3,3611,0.3611
강원,2.2666666666666666,69,0,0,3,3611,0.3611
충북,3.1333333333333333,69,0,1,2,5059,0.5059
충북,3.8,69,0,1,2,5059,0.5059
충북,3.3333333333333335,69,0,1,3,5059,0.5059
충남,4.0,69,0,1,2,8534,0.8534
충남,3.933333333333333,69,0,1,2,8534,0.8534
충남,3.533333333333333,69,0,1,2,8534,0.8534
충남,3.466666666666667,69,0,1,2,8534,0.8534
전북,3.2,69,0,1,2,5218,0.5218
전북,3.933333333333333,69,0,1,2,5218,0.5218
전북,2.533333333333333,69,0,1,2,5218,0.5218
전북,3.3333333333333335,69,0,1,2,5218,0.5218
전북,3.3333333333333335,69,0,1,2,5218,0.5218
전북,3.0,69,0,0,2,5218,0.5218
전북,2.6,69,0,1,3,5218,0.5218
전남,3.2,69,0,1,2,6055,0.6055
전남,3.4,69,0,1,2,6055,0.6055
전남,4.466666666666667,69,0,0,2,6055,0.6055
경북,3.8,69,0,1,2,7071,0.7071
경북,2.933333333333333,69,0,1,3,7071,0.7071
경북,3.8,69,0,1,3,7071,0.7071
경북,4.333333333333333,69,0,1,3,7071,0.7071
경북,3.466666666666667,69,0,1,3,7071,0.7071
경북,3.6666666666666665,69,0,1,3,7071,0.7071
경북,3.1333333333333333,69,0,0,3,7071,0.7071
경남,4.0,69,0,1,2,8711,0.8711
경남,2.933333333333333,69,0,1,2,8711,0.8711
경남,3.1333333333333333,69,0,1,3,8711,0.8711
부산,3.7333333333333334,69,0,1,1,5998,0.5998
대구,3.2666666666666666,69,0,1,1,4737,0.4737
대구,2.533333333333333,69,0,1,1,4737,0.4737
인천,3.8,69,0,1,1,10645,1.0645
인천,1.9333333333333333,69,0,1,1,10645,1.0645
인천,3.466666666666667,69,0,1,1,10645,1.0645
대전,2.6666666666666665,69,0,1,1,3012,0.3012
대전,3.4,69,0,1,1,3012,0.3012
울산,4.0,69,0,1,1,2904,0.2904
경기,3.1333333333333333,69,0,1,2,46581,4.6581
경기,3.1333333333333333,69,0,1,3,46581,4.6581
서울,3.3333333333333335,69,1,1,1,23251,2.3251
서울,3.466666666666667,69,1,1,1,23251,2.3251
서울,3.4,69,1,1,1,23251,2.3251
서울,3.6,69,1,1,1,23251,2.3251
서울,3.466666666666667,69,1,1,1,23251,2.3251
서울,3.933333333333333,69,1,1,1,23251,2.3251
서울,3.0,69,1,1,1,23251,2.3251
강원,2.0,69,1,1,2,3611,0.3611
강원,3.2,69,1,1,2,3611,0.3611
강원,3.8666666666666667,69,1,1,2,3611,0.3611
강원,4.066666666666666,69,1,0,2,3611,0.3611
강원,2.0,69,1,0,2,3611,0.3611
강원,3.2666666666666666,69,1,0,2,3611,0.3611
강원,3.1333333333333333,69,1,1,3,3611,0.3611
강원,3.6,69,1,1,3,3611,0.3611
강원,3.2,69,1,1,3,3611,0.3611
충북,3.7333333333333334,69,1,1,3,5059,0.5059
충북,3.066666666666667,69,1,1,3,5059,0.5059
충북,3.533333333333333,69,1,1,3,5059,0.5059
충북,3.6666666666666665,69,1,0,3,5059,0.5059
충남,3.1333333333333333,69,1,1,2,8534,0.8534
충남,2.6,69,1,1,2,8534,0.8534
충남,3.7333333333333334,69,1,1,3,8534,0.8534
충남,2.6666666666666665,69,1,1,3,8534,0.8534
충남,2.1333333333333333,69,1,1,3,8534,0.8534
충남,3.2,69,1,0,3,8534,0.8534
충남,3.933333333333333,69,1,0,3,8534,0.8534
전북,2.8,69,1,1,2,5218,0.5218
전북,2.933333333333333,69,1,1,2,5218,0.5218
전북,3.6666666666666665,69,1,1,2,5218,0.5218
전북,2.8666666666666667,69,1,1,3,5218,0.5218
전북,4.0,69,1,1,3,5218,0.5218
전남,2.6,69,1,1,2,6055,0.6055
전남,4.133333333333334,69,1,1,3,6055,0.6055
전남,3.466666666666667,69,1,1,3,6055,0.6055
전남,3.4,69,1,1,3,6055,0.6055
전남,3.4,69,1,1,3,6055,0.6055
경북,2.2,69,1,1,2,7071,0.7071
경북,3.7333333333333334,69,1,1,2,7071,0.7071
경북,3.8666666666666667,69,1,1,2,7071,0.7071
경북,3.2,69,1,1,3,7071,0.7071
경북,3.2666666666666666,69,1,1,3,7071,0.7071
경북,3.1333333333333333,69,1,0,3,7071,0.7071
경남,3.3333333333333335,69,1,1,2,8711,0.8711
경남,3.4,69,1,1,2,8711,0.8711
경남,3.466666666666667,69,1,1,3,8711,0.8711
경남,3.533333333333333,69,1,1,3,8711,0.8711
부산,3.2,69,1,1,1,5998,0.5998
부산,3.6666666666666665,69,1,1,1,5998,0.5998
부산,2.8,69,1,1,1,5998,0.5998
부산,3.6666666666666665,69,1,1,1,5998,0.5998
부산,3.6666666666666665,69,1,1,1,5998,0.5998
대구,3.7333333333333334,69,1,1,1,4737,0.4737
인천,3.7333333333333334,69,1,1,1,10645,1.0645
대전,3.1333333333333333,69,1,1,1,3012,0.3012
울산,3.0,69,1,1,1,2904,0.2904
울산,2.466666666666667,69,1,1,1,2904,0.2904
울산,3.466666666666667,69,1,1,1,2904,0.2904
울산,3.0,69,1,1,1,2904,0.2904
경기,2.7333333333333334,69,1,1,2,46581,4.6581
경기,4.266666666666667,69,1,1,2,46581,4.6581
경기,2.8,69,1,1,2,46581,4.6581
경기,3.2,69,1,1,2,46581,4.6581
경기,3.2666666666666666,69,1,0,2,46581,4.6581
서울,2.8666666666666667,70,0,1,1,23251,2.3251
서울,2.6666666666666665,70,0,1,1,23251,2.3251
서울,3.4,70,0,1,1,23251,2.3251
서울,3.8,70,0,1,1,23251,2.3251
서울,4.2,70,0,1,1,23251,2.3251
강원,3.933333333333333,70,0,1,2,3611,0.3611
충남,3.2,70,0,1,2,8534,0.8534
충남,3.4,70,0,1,3,8534,0.8534
전북,3.6666666666666665,70,0,1,2,5218,0.5218
전북,4.266666666666667,70,0,1,2,5218,0.5218
전북,3.933333333333333,70,0,1,2,5218,0.5218
전북,3.8666666666666667,70,0,1,2,5218,0.5218
전북,4.4,70,0,1,3,5218,0.5218
전남,3.0,70,0,1,2,6055,0.6055
전남,3.7333333333333334,70,0,1,2,6055,0.6055
전남,5.333333333333333,70,0,1,3,6055,0.6055
전남,3.6,70,0,1,3,6055,0.6055
전남,2.933333333333333,70,0,1,3,6055,0.6055
전남,2.7333333333333334,70,0,1,3,6055,0.6055
경북,3.6,70,0,1,3,7071,0.7071
경북,3.0,70,0,1,3,7071,0.7071
경남,3.2666666666666666,70,0,1,2,8711,0.8711
경남,3.3333333333333335,70,0,1,2,8711,0.8711
경남,3.0,70,0,1,3,8711,0.8711
제주,4.333333333333333,70,0,1,2,2623,0.2623
제주,3.6,70,0,1,2,2623,0.2623
제주,4.2,70,0,0,3,2623,0.2623
부산,3.2666666666666666,70,0,1,1,5998,0.5998
부산,2.933333333333333,70,0,1,1,5998,0.5998
부산,3.6666666666666665,70,0,1,1,5998,0.5998
부산,2.066666666666667,70,0,1,1,5998,0.5998
부산,2.6,70,0,1,1,5998,0.5998
부산,1.0666666666666667,70,0,1,1,5998,0.5998
부산,3.8666666666666667,70,0,1,1,5998,0.5998
부산,3.7333333333333334,70,0,1,1,5998,0.5998
대구,3.6,70,0,1,1,4737,0.4737
대구,3.0,70,0,1,1,4737,0.4737
인천,3.3333333333333335,70,0,1,1,10645,1.0645
광주,3.466666666666667,70,0,1,1,3081,0.3081
대전,4.466666666666667,70,0,1,1,3012,0.3012
울산,3.8,70,0,1,1,2904,0.2904
울산,3.1333333333333333,70,0,1,1,2904,0.2904
경기,3.4,70,0,1,2,46581,4.6581
경기,4.266666666666667,70,0,0,2,46581,4.6581
경기,3.533333333333333,70,0,1,3,46581,4.6581
경기,3.533333333333333,70,0,1,3,46581,4.6581
서울,2.4,70,1,1,1,23251,2.3251
서울,3.2666666666666666,70,1,1,1,23251,2.3251
서울,3.1333333333333333,70,1,1,1,23251,2.3251
서울,3.466666666666667,70,1,1,1,23251,2.3251
서울,3.4,70,1,1,1,23251,2.3251
서울,3.533333333333333,70,1,1,1,23251,2.3251
서울,2.3333333333333335,70,1,1,1,23251,2.3251
강원,1.8,70,1,1,2,3611,0.3611
강원,3.3333333333333335,70,1,1,3,3611,0.3611
강원,3.6,70,1,1,3,3611,0.3611
강원,3.6666666666666665,70,1,1,3,3611,0.3611
충북,3.6666666666666665,70,1,1,2,5059,0.5059
충북,3.2,70,1,1,2,5059,0.5059
충북,2.933333333333333,70,1,1,3,5059,0.5059
충남,2.2666666666666666,70,1,1,2,8534,0.8534
충남,2.533333333333333,70,1,1,2,8534,0.8534
충남,3.6,70,1,0,2,8534,0.8534
충남,3.2,70,1,0,3,8534,0.8534
충남,3.6,70,1,0,3,8534,0.8534
충남,4.066666666666666,70,1,0,3,8534,0.8534
전북,3.7333333333333334,70,1,1,2,5218,0.5218
전북,3.2,70,1,1,2,5218,0.5218
전북,2.8,70,1,1,2,5218,0.5218
전북,3.933333333333333,70,1,1,3,5218,0.5218
전남,2.6,70,1,1,2,6055,0.6055
전남,2.6666666666666665,70,1,1,2,6055,0.6055
전남,4.0,70,1,1,3,6055,0.6055
전남,4.2,70,1,0,3,6055,0.6055
전남,3.8666666666666667,70,1,0,3,6055,0.6055
경북,3.066666666666667,70,1,1,2,7071,0.7071
경북,3.3333333333333335,70,1,1,3,7071,0.7071
경북,4.2,70,1,1,3,7071,0.7071
경북,2.4,70,1,0,3,7071,0.7071
경남,3.8666666666666667,70,1,1,2,8711,0.8711
경남,2.533333333333333,70,1,1,2,8711,0.8711
경남,3.6666666666666665,70,1,1,2,8711,0.8711
경남,3.933333333333333,70,1,1,2,8711,0.8711
경남,3.6,70,1,1,3,8711,0.8711
경남,3.6,70,1,1,3,8711,0.8711
경남,4.2,70,1,1,3,8711,0.8711
경남,3.933333333333333,70,1,1,3,8711,0.8711
부산,3.1333333333333333,70,1,1,1,5998,0.5998
부산,4.466666666666667,70,1,1,1,5998,0.5998
부산,2.8,70,1,1,1,5998,0.5998
대구,3.8,70,1,1,1,4737,0.4737
대구,3.066666666666667,70,1,1,1,4737,0.4737
인천,2.3333333333333335,70,1,0,1,10645,1.0645
대전,3.2666666666666666,70,1,0,1,3012,0.3012
울산,4.333333333333333,70,1,1,1,2904,0.2904
울산,3.2666666666666666,70,1,1,1,2904,0.2904
경기,2.8666666666666667,70,1,1,2,46581,4.6581
경기,3.533333333333333,70,1,1,2,46581,4.6581
경기,2.8666666666666667,70,1,1,2,46581,4.6581
경기,2.8666666666666667,70,1,1,2,46581,4.6581
서울,2.933333333333333,71,0,1,1,23251,2.3251
서울,3.7333333333333334,71,0,1,1,23251,2.3251
서울,2.8,71,0,1,1,23251,2.3251
강원,2.2666666666666666,71,0,1,2,3611,0.3611
충남,2.6666666666666665,71,0,1,2,8534,0.8534
충남,3.6666666666666665,71,0,0,3,8534,0.8534
전북,2.7333333333333334,71,0,1,2,5218,0.5218
전북,3.2666666666666666,71,0,1,3,5218,0.5218
전북,3.6,71,0,1,3,5218,0.5218
전남,2.7333333333333334,71,0,1,2,6055,0.6055
전남,3.933333333333333,71,0,1,2,6055,0.6055
전남,4.0,71,0,1,3,6055,0.6055
전남,4.6,71,0,1,3,6055,0.6055
전남,3.2666666666666666,71,0,1,3,6055,0.6055
전남,3.8666666666666667,71,0,1,3,6055,0.6055
전남,2.933333333333333,71,0,1,3,6055,0.6055
전남,3.066666666666667,71,0,1,3,6055,0.6055
경남,2.466666666666667,71,0,1,3,8711,0.8711
부산,2.6666666666666665,71,0,1,1,5998,0.5998
부산,4.0,71,0,1,1,5998,0.5998
대구,3.6,71,0,1,1,4737,0.4737
대구,3.6666666666666665,71,0,1,1,4737,0.4737
인천,3.8666666666666667,71,0,1,1,10645,1.0645
인천,2.6666666666666665,71,0,0,1,10645,1.0645
광주,2.2,71,0,1,1,3081,0.3081
대전,3.2,71,0,1,1,3012,0.3012
울산,3.6,71,0,1,1,2904,0.2904
울산,3.3333333333333335,71,0,1,1,2904,0.2904
세종,4.0,71,0,1,3,754,0.0754
경기,3.0,71,0,1,2,46581,4.6581
서울,3.6,71,1,1,1,23251,2.3251
서울,3.066666666666667,71,1,1,1,23251,2.3251
서울,3.6666666666666665,71,1,1,1,23251,2.3251
서울,3.3333333333333335,71,1,1,1,23251,2.3251
서울,4.0,71,1,1,1,23251,2.3251
서울,3.8666666666666667,71,1,1,1,23251,2.3251
강원,2.6666666666666665,71,1,1,2,3611,0.3611
강원,2.933333333333333,71,1,1,2,3611,0.3611
강원,2.6,71,1,1,2,3611,0.3611
강원,2.533333333333333,71,1,1,3,3611,0.3611
강원,4.2,71,1,1,3,3611,0.3611
강원,2.533333333333333,71,1,1,3,3611,0.3611
강원,4.933333333333334,71,1,0,3,3611,0.3611
충북,3.066666666666667,71,1,1,3,5059,0.5059
충남,4.333333333333333,71,1,1,2,8534,0.8534
충남,2.8666666666666667,71,1,1,3,8534,0.8534
전북,3.2,71,1,0,2,5218,0.5218
전북,3.6,71,1,1,3,5218,0.5218
전북,3.3333333333333335,71,1,1,3,5218,0.5218
전남,3.0,71,1,1,2,6055,0.6055
전남,3.2,71,1,1,3,6055,0.6055
전남,3.4,71,1,1,3,6055,0.6055
전남,3.3333333333333335,71,1,0,3,6055,0.6055
경북,2.3333333333333335,71,1,1,3,7071,0.7071
경북,3.3333333333333335,71,1,1,3,7071,0.7071
경남,3.466666666666667,71,1,1,2,8711,0.8711
부산,2.6,71,1,1,1,5998,0.5998
부산,3.8,71,1,1,1,5998,0.5998
대구,3.466666666666667,71,1,1,1,4737,0.4737
대구,2.8,71,1,0,1,4737,0.4737
대전,3.533333333333333,71,1,1,1,3012,0.3012
대전,3.4,71,1,1,1,3012,0.3012
울산,2.2666666666666666,71,1,1,1,2904,0.2904
울산,2.466666666666667,71,1,1,1,2904,0.2904
경기,3.2666666666666666,71,1,1,2,46581,4.6581
경기,2.8,71,1,1,2,46581,4.6581
경기,3.933333333333333,71,1,1,3,46581,4.6581
경기,3.4,71,1,0,3,46581,4.6581
서울,3.533333333333333,72,0,1,1,23251,2.3251
서울,2.8666666666666667,72,0,1,1,23251,2.3251
서울,3.933333333333333,72,0,1,1,23251,2.3251
서울,2.533333333333333,72,0,1,1,23251,2.3251
서울,3.2,72,0,0,1,23251,2.3251
강원,5.866666666666666,72,0,1,2,3611,0.3611
강원,3.533333333333333,72,0,1,2,3611,0.3611
강원,3.0,72,0,1,2,3611,0.3611
강원,3.2,72,0,1,2,3611,0.3611
강원,3.6,72,0,1,3,3611,0.3611
강원,3.466666666666667,72,0,1,3,3611,0.3611
강원,4.266666666666667,72,0,1,3,3611,0.3611
강원,3.3333333333333335,72,0,1,3,3611,0.3611
강원,4.0,72,0,0,3,3611,0.3611
충북,4.266666666666667,72,0,1,2,5059,0.5059
충북,5.133333333333334,72,0,0,2,5059,0.5059
충북,3.066666666666667,72,0,1,3,5059,0.5059
충북,3.3333333333333335,72,0,1,3,5059,0.5059
충남,2.466666666666667,72,0,0,2,8534,0.8534
충남,4.2,72,0,0,2,8534,0.8534
충남,2.6,72,0,1,3,8534,0.8534
전북,2.933333333333333,72,0,1,2,5218,0.5218
전북,3.2,72,0,1,2,5218,0.5218
전북,3.7333333333333334,72,0,1,2,5218,0.5218
전북,3.2666666666666666,72,0,1,3,5218,0.5218
전북,2.533333333333333,72,0,1,3,5218,0.5218
전북,2.6666666666666665,72,0,1,3,5218,0.5218
전남,3.7333333333333334,72,0,1,2,6055,0.6055
경북,2.533333333333333,72,0,1,3,7071,0.7071
경남,3.533333333333333,72,0,1,2,8711,0.8711
부산,4.333333333333333,72,0,1,1,5998,0.5998
부산,1.8,72,0,1,1,5998,0.5998
부산,3.533333333333333,72,0,0,1,5998,0.5998
대구,3.6,72,0,1,1,4737,0.4737
대전,3.466666666666667,72,0,1,1,3012,0.3012
대전,3.2,72,0,1,1,3012,0.3012
울산,2.6,72,0,1,1,2904,0.2904
서울,3.7333333333333334,72,1,1,1,23251,2.3251
서울,3.7333333333333334,72,1,1,1,23251,2.3251
서울,3.066666666666667,72,1,1,1,23251,2.3251
서울,3.6,72,1,1,1,23251,2.3251
서울,3.466666666666667,72,1,1,1,23251,2.3251
서울,3.3333333333333335,72,1,1,1,23251,2.3251
강원,3.466666666666667,72,1,1,2,3611,0.3611
강원,3.066666666666667,72,1,1,2,3611,0.3611
강원,2.2666666666666666,72,1,1,2,3611,0.3611
충북,3.1333333333333333,72,1,1,2,5059,0.5059
충북,3.0,72,1,1,2,5059,0.5059
충남,4.133333333333334,72,1,0,2,8534,0.8534
충남,2.7333333333333334,72,1,0,2,8534,0.8534
충남,3.6,72,1,0,2,8534,0.8534
충남,2.533333333333333,72,1,1,3,8534,0.8534
전북,2.2666666666666666,72,1,1,2,5218,0.5218
전북,4.333333333333333,72,1,1,3,5218,0.5218
전북,3.6666666666666665,72,1,1,3,5218,0.5218
전북,3.6666666666666665,72,1,1,3,5218,0.5218
전남,4.0,72,1,1,3,6055,0.6055
전남,4.133333333333334,72,1,1,3,6055,0.6055
전남,3.2666666666666666,72,1,1,3,6055,0.6055
전남,3.933333333333333,72,1,0,3,6055,0.6055
경북,2.6,72,1,1,2,7071,0.7071
경북,3.6666666666666665,72,1,1,3,7071,0.7071
경북,3.7333333333333334,72,1,1,3,7071,0.7071
경북,2.0,72,1,1,3,7071,0.7071
경북,2.7333333333333334,72,1,0,3,7071,0.7071
경남,2.7333333333333334,72,1,1,2,8711,0.8711
경남,4.0,72,1,1,2,8711,0.8711
경남,1.4666666666666666,72,1,1,3,8711,0.8711
경남,3.2666666666666666,72,1,1,3,8711,0.8711
부산,2.8,72,1,1,1,5998,0.5998
부산,3.933333333333333,72,1,1,1,5998,0.5998
부산,4.333333333333333,72,1,1,1,5998,0.5998
부산,3.1333333333333333,72,1,1,1,5998,0.5998
부산,3.2,72,1,1,1,5998,0.5998
부산,3.2,72,1,1,1,5998,0.5998
부산,3.3333333333333335,72,1,1,1,5998,0.5998
대구,3.8,72,1,1,1,4737,0.4737
대전,3.2,72,1,1,1,3012,0.3012
대전,2.8666666666666667,72,1,0,1,3012,0.3012
울산,3.533333333333333,72,1,1,1,2904,0.2904
울산,3.066666666666667,72,1,1,1,2904,0.2904
울산,3.7333333333333334,72,1,0,1,2904,0.2904
경기,2.7333333333333334,72,1,1,2,46581,4.6581
경기,3.533333333333333,72,1,1,2,46581,4.6581
경기,3.2,72,1,1,2,46581,4.6581
서울,3.533333333333333,73,0,1,1,23251,2.3251
강원,2.0,73,0,1,2,3611,0.3611
강원,2.8666666666666667,73,0,1,2,3611,0.3611
강원,4.066666666666666,73,0,1,3,3611,0.3611
강원,1.4,73,0,1,3,3611,0.3611
강원,3.8,73,0,1,3,3611,0.3611
충북,2.8,73,0,1,2,5059,0.5059
충남,2.4,73,0,1,2,8534,0.8534
충남,1.9333333333333333,73,0,1,3,8534,0.8534
충남,3.0,73,0,1,3,8534,0.8534
충남,4.2,73,0,0,3,8534,0.8534
충남,3.6666666666666665,73,0,0,3,8534,0.8534
충남,3.8,73,0,0,3,8534,0.8534
전북,3.533333333333333,73,0,1,3,5218,0.5218
전북,3.3333333333333335,73,0,1,3,5218,0.5218
전북,3.2,73,0,1,3,5218,0.5218
전남,4.2,73,0,0,3,6055,0.6055
경북,2.8666666666666667,73,0,1,3,7071,0.7071
경남,2.6666666666666665,73,0,1,2,8711,0.8711
경남,3.466666666666667,73,0,1,3,8711,0.8711
경남,3.0,73,0,1,3,8711,0.8711
대구,3.8,73,0,1,1,4737,0.4737
광주,2.533333333333333,73,0,1,1,3081,0.3081
울산,3.933333333333333,73,0,1,1,2904,0.2904
울산,2.8666666666666667,73,0,1,1,2904,0.2904
경기,3.0,73,0,1,2,46581,4.6581
경기,2.933333333333333,73,0,1,2,46581,4.6581
경기,3.4,73,0,1,2,46581,4.6581
경기,3.0,73,0,1,2,46581,4.6581
경기,2.6,73,0,1,2,46581,4.6581
경기,3.8666666666666667,73,0,1,2,46581,4.6581
경기,3.8,73,0,0,2,46581,4.6581
서울,4.666666666666667,73,1,1,1,23251,2.3251
강원,3.533333333333333,73,1,1,2,3611,0.3611
강원,1.0,73,1,1,2,3611,0.3611
강원,2.533333333333333,73,1,1,2,3611,0.3611
강원,3.2666666666666666,73,1,1,2,3611,0.3611
강원,3.1333333333333333,73,1,0,2,3611,0.3611
강원,3.066666666666667,73,1,1,3,3611,0.3611
충남,4.4,73,1,0,2,8534,0.8534
충남,2.3333333333333335,73,1,1,3,8534,0.8534
충남,2.7333333333333334,73,1,1,3,8534,0.8534
전북,2.1333333333333333,73,1,1,2,5218,0.5218
전북,3.6666666666666665,73,1,1,3,5218,0.5218
전북,3.6,73,1,1,3,5218,0.5218
전북,3.4,73,1,1,3,5218,0.5218
전북,3.1333333333333333,73,1,1,3,5218,0.5218
전남,3.8,73,1,1,3,6055,0.6055
전남,4.866666666666666,73,1,1,3,6055,0.6055
전남,4.2,73,1,1,3,6055,0.6055
전남,3.8666666666666667,73,1,0,3,6055,0.6055
경북,4.666666666666667,73,1,1,2,7071,0.7071
경북,2.533333333333333,73,1,1,3,7071,0.7071
경북,2.6666666666666665,73,1,1,3,7071,0.7071
경북,3.7333333333333334,73,1,1,3,7071,0.7071
경북,2.533333333333333,73,1,0,3,7071,0.7071
경남,3.3333333333333335,73,1,1,2,8711,0.8711
경남,3.466666666666667,73,1,1,2,8711,0.8711
경남,3.2666666666666666,73,1,1,3,8711,0.8711
경남,3.6,73,1,1,3,8711,0.8711
경남,2.533333333333333,73,1,1,3,8711,0.8711
경남,4.133333333333334,73,1,1,3,8711,0.8711
부산,3.1333333333333333,73,1,1,1,5998,0.5998
부산,3.3333333333333335,73,1,1,1,5998,0.5998
부산,2.533333333333333,73,1,1,1,5998,0.5998
대구,2.6,73,1,1,1,4737,0.4737
대구,3.6666666666666665,73,1,1,1,4737,0.4737
광주,2.4,73,1,1,1,3081,0.3081
광주,4.466666666666667,73,1,1,1,3081,0.3081
대전,2.2666666666666666,73,1,1,1,3012,0.3012
대전,3.4,73,1,1,1,3012,0.3012
대전,3.2,73,1,0,1,3012,0.3012
울산,4.0,73,1,1,1,2904,0.2904
세종,2.8,73,1,1,2,754,0.0754
서울,2.933333333333333,74,0,1,1,23251,2.3251
서울,3.533333333333333,74,0,1,1,23251,2.3251
서울,3.4,74,0,1,1,23251,2.3251
서울,4.533333333333333,74,0,1,1,23251,2.3251
서울,3.466666666666667,74,0,1,1,23251,2.3251
서울,3.6666666666666665,74,0,1,1,23251,2.3251
서울,3.466666666666667,74,0,1,1,23251,2.3251
서울,5.0,74,0,1,1,23251,2.3251
강원,3.533333333333333,74,0,1,2,3611,0.3611
강원,3.0,74,0,1,2,3611,0.3611
강원,3.3333333333333335,74,0,1,2,3611,0.3611
충남,4.266666666666667,74,0,1,2,8534,0.8534
충남,3.8,74,0,1,3,8534,0.8534
충남,3.066666666666667,74,0,0,3,8534,0.8534
충남,3.6,74,0,0,3,8534,0.8534
전남,3.933333333333333,74,0,1,3,6055,0.6055
전남,3.533333333333333,74,0,0,3,6055,0.6055
경북,4.466666666666667,74,0,1,2,7071,0.7071
경북,3.533333333333333,74,0,1,3,7071,0.7071
경남,3.066666666666667,74,0,1,2,8711,0.8711
경남,3.3333333333333335,74,0,1,2,8711,0.8711
경남,2.8,74,0,1,3,8711,0.8711
경남,3.2,74,0,1,3,8711,0.8711
경남,2.8666666666666667,74,0,1,3,8711,0.8711
경남,2.8666666666666667,74,0,0,3,8711,0.8711
부산,3.2,74,0,1,1,5998,0.5998
대구,4.066666666666666,74,0,1,1,4737,0.4737
인천,1.8,74,0,1,1,10645,1.0645
인천,2.8666666666666667,74,0,1,1,10645,1.0645
대전,2.7333333333333334,74,0,1,1,3012,0.3012
울산,3.2,74,0,1,1,2904,0.2904
울산,5.2,74,0,1,1,2904,0.2904
세종,2.6666666666666665,74,0,1,2,754,0.0754
경기,3.3333333333333335,74,0,1,2,46581,4.6581
경기,3.3333333333333335,74,0,1,2,46581,4.6581
경기,4.066666666666666,74,0,1,3,46581,4.6581
서울,2.8,74,1,1,1,23251,2.3251
강원,3.2,74,1,1,2,3611,0.3611
강원,4.0,74,1,1,2,3611,0.3611
강원,2.8,74,1,1,2,3611,0.3611
강원,4.0,74,1,1,2,3611,0.3611
강원,2.933333333333333,74,1,1,2,3611,0.3611
강원,4.6,74,1,0,2,3611,0.3611
강원,2.2,74,1,0,2,3611,0.3611
강원,4.266666666666667,74,1,0,2,3611,0.3611
강원,3.7333333333333334,74,1,1,3,3611,0.3611
강원,3.8,74,1,1,3,3611,0.3611
강원,2.6,74,1,1,3,3611,0.3611
충북,4.866666666666666,74,1,1,3,5059,0.5059
충남,3.7333333333333334,74,1,1,2,8534,0.8534
충남,4.933333333333334,74,1,0,2,8534,0.8534
충남,4.133333333333334,74,1,0,2,8534,0.8534
충남,2.6,74,1,1,3,8534,0.8534
충남,2.466666666666667,74,1,1,3,8534,0.8534
충남,3.7333333333333334,74,1,0,3,8534,0.8534
충남,4.0,74,1,0,3,8534,0.8534
충남,2.6,74,1,0,3,8534,0.8534
충남,1.5333333333333334,74,1,0,3,8534,0.8534
전북,3.1333333333333333,74,1,1,2,5218,0.5218
전북,3.6,74,1,1,2,5218,0.5218
전북,2.8,74,1,1,3,5218,0.5218
전북,3.7333333333333334,74,1,1,3,5218,0.5218
전북,3.7333333333333334,74,1,1,3,5218,0.5218
전남,3.0,74,1,1,3,6055,0.6055
경북,3.2666666666666666,74,1,1,2,7071,0.7071
경북,3.6,74,1,1,2,7071,0.7071
경북,3.6666666666666665,74,1,1,2,7071,0.7071
경북,3.066666666666667,74,1,1,3,7071,0.7071
경북,3.2,74,1,1,3,7071,0.7071
경북,3.066666666666667,74,1,1,3,7071,0.7071
경북,3.6666666666666665,74,1,1,3,7071,0.7071
경북,3.8,74,1,1,3,7071,0.7071
경북,4.066666666666666,74,1,1,3,7071,0.7071
경북,3.2,74,1,0,3,7071,0.7071
경북,3.2666666666666666,74,1,0,3,7071,0.7071
경남,3.7333333333333334,74,1,1,3,8711,0.8711
부산,2.8,74,1,1,1,5998,0.5998
부산,2.933333333333333,74,1,1,1,5998,0.5998
부산,3.0,74,1,1,1,5998,0.5998
부산,2.533333333333333,74,1,1,1,5998,0.5998
부산,2.8666666666666667,74,1,1,1,5998,0.5998
부산,3.1333333333333333,74,1,1,1,5998,0.5998
부산,3.466666666666667,74,1,1,1,5998,0.5998
부산,3.1333333333333333,74,1,1,1,5998,0.5998
대구,3.466666666666667,74,1,1,1,4737,0.4737
대구,3.8666666666666667,74,1,1,1,4737,0.4737
인천,3.7333333333333334,74,1,1,1,10645,1.0645
인천,3.7333333333333334,74,1,1,1,10645,1.0645
인천,3.2,74,1,0,1,10645,1.0645
광주,2.466666666666667,74,1,1,1,3081,0.3081
광주,4.066666666666666,74,1,1,1,3081,0.3081
광주,3.533333333333333,74,1,1,1,3081,0.3081
광주,3.933333333333333,74,1,0,1,3081,0.3081
대전,3.6,74,1,1,1,3012,0.3012
대전,3.7333333333333334,74,1,1,1,3012,0.3012
경기,3.0,74,1,1,2,46581,4.6581
경기,3.6,74,1,1,3,46581,4.6581
경기,3.4,74,1,1,3,46581,4.6581
경기,4.6,74,1,1,3,46581,4.6581
